Iloko,English
kaugalian ti pamilia,family traits
siak ken ti kaugalian,myself and traits
iparis ti patang iti ladawanna babaan ti uged.,match the sentence to its picture below with a line.
kumpletuen ti sarita babaen ti panangisurat ti umno a panagtagikua a pangsandi-a-nagan iti kahon.,complete the sentence by writing the correct possessive pronoun from the box.
pilien ti pangsandi-a-nagan a mangbukel iti patang. timbukelan ti letra ti umno a sungbat.,choose the pronoun that completes the sentence. circle the letter of the correct answer.
adalen ti ladawan. isurat ti umno a pangsandi-a-nagan a mangbukel iti patang.,study the picture. write the correct pronoun that completes the sentence.
ugedan ti pangsandi-a-nagan iti tunggal patang.,underline the pronoun in every sentence.
pangsandi a nagan,pronoun
siak ni cardo.,i am cardo.
siak ket agdigdigos nga inaldaw.,i take a shower daily.
sika ni alyana.,you are alyana.
sika ti agwalis.,you are the one who will sweep.
dakami ti mangsala ti surtido norte.,we will dance the surtido norte.
dakami ti nagmula.,we are the ones who planted.
dakayo dagiti ubbing a nalalaing nga agsala.,you are the children who are good at dancing.
isuna ni flora a gayyemko.,"she is flora, my friend."
nagaget isuna nga agsagad.,he is hardworking at scrubbing.
datayo amin ti mangsala ti rabong.,all of us will dance the rabong.
manong ko isuna.,he is my older brother.
mo,your
siasino ti mayat a mangidaulonto ti panaglualo?,who wants to lead the game?
agyamannak unay ti tulongyo.,i thank your help very much.
maragsakannak met ti panagboluntarioyo.,i am also happy with your volunteerism.
nasustansya a taraon,nutritious food
"kanayon nga aggigiddan kami a mangan, dakami ket pamilia.","we always eat together, we are a family."
gatas ti ina,mother's milk
nagita ti gatas,creamy milk
nagita a kagat,creamy bite
kagat ti aso,dog bite
diay aloh,at the river
masikog nga ina,pregnant mother
patang,sentence
nagalis idiay alog.,it is slippery at the river.
adu ti lamok idiay alog.,there are many mosquitoes at the river.
nasustansia ti gatas ti ina.,mother's milk is nutritious.
nagasat idiay maskog nga ina.,the pregnan mother is lucky.
"panangaywan iti tunggal maysa, pagtaengan ken aglawlaw","caring for oneself, home, and environment"
adalen ti ladawan.,study the picture.
isurat ti tsek iti uged no umno ti ibagbaga ti patang ken no saan.,write a check on the line if the statement is correct and if it is wrong.
timbukelan ti kusto a lokasion.,circle the correct location.
isurat ti lokasyon.,write the location.
ikkan ti tsek no ti ladawan ket makita iti uneg ti pagadalan. ikkan ti ekis no saan.,check if the object is found inside the classroom. cross if not.
sungbatan dagiti sumaganad a saludsod. pilien iti sarita... nga mangibaga ti lokasion.,answer the following questions. choose the word... that tells the location.
basaen dagiti sumaganad:,read the following:
ti mapa ket maysa a ladawan a mangipakpakita ti pakabuklan ti maysa a lugar.,a map is a picture that shows the layout of a place.
mangipakita ti kaasideg wenno kaadayo,mangipakita ti kaasideg wenno kaadayo
ti pisara ket masarakan ti sango ti silid-pagadalan.,the blackboard is found at the front of the classroom.
makita dagiti tugaw iti likod ti silid-pagadalan.,the chairs are seen at the back of the classroom.
adda iti kannawan dagiti tugaw ti bulletin board.,the bulletin board is on the right side of the chairs.
ti tawa ket makita iti laud ti silid-pagadalan.,the window is seen on the west side of the classroom.
masarakan ti kabinet iti amianan ti lamisaan.,the cabinet can be found north of the table.
ti ceiling fan ket adda iti nagbaetan ti dua a silaw.,the ceiling fan is between two lights.
lamisaan ti manursuro,teacher's table
nakamasitera a mula,potted plant
silid-pagbasaan,reading corner
nasayaat met nga maammuan...,it is also good to know...
nasken met a maammuan no sadino ti pakasarakan...,it is also necessary to know where to find...
babaen ti panagadal ti distansia ken direksion ket nalaklaka a matarusan ti mapa.,"by studying distance and direction, the map becomes easier to interpret."
kitaen ti lokasion dagiti arwaten ti silid-pagadalan.,look at the location of the parts of the classroom.
galut a lanut,galut a lanut
uggot ti karabasa,stalk of a pumpkin
mulagat a mata,open eyes
nangalaak ti uggot ti unas karabasa.,i got the stalk of a pumpkin
nagsugotak ti unas.,i planted the sugarcane.
malasin ko ti tugot ti tukak.,i can see the tracks of a frog.
ayanna diay galut a lanut?,where is the tied rope?
kinadalus ti bagi,cleanliness of the body
pagannurutan: biruken ti kaaweng dagiti naisurat a balikas.,instruction: find the rhyming words.
ikkan ti tsek no dagiti balikas ket agpada ti uni ti ungtoda ken ekis no saan.,put a check if the words have the same ending sound and cross if not.
denggen ti daniw.,listen to the poem.
pilien dagiti balikas nga agpada ti uni ti pungtona.,choose the words that have the same ending sound.
mangisurat iti balikas nga kapada ti uni ti pungtona...,write a word that has the same ending sound as...
agkakaaweng a balikas,rhyming words
makaay-ayo a dengan,pleasant to listen to
"pito, walo... mangantayo ti adobo.","seven, eight... let's eat adobo."
adda mulak a marunggay,i have a malunggay tree
igid ti dalan,roadside
tukad ti agdan,step of the stairs
nasuyod a daga,harrowed soil
idi nagtudo,when it rained
nalinis a danum,clean water
madi nag guyod,did not pull
nagmulada idi nagtudo.,they planted when it rained.
adu ti tukad ti agdan.,the stairs have many steps.
nalinisan diay nasuyod a daga.,the harrowed land was cleaned.
pakasaritaan ti komunidad,community stories
pilien ti epekto dagiti sumaganad a gapu.,choose the effect of the following causes.
pilien ti poset ti patang a mangipakpakita ti epekto.,choose the part of the sentence that shows the effect.
isurat ti gapu ken epekto.,write the cause and effect.
ibaga ti problema wenno solusion ti uneg ti istoria.,tell the problem or solution in the story.
ibaga iti problema ken solusion ti istoria.,state the problem and solution of the story.
denggen ti istoria. sungbatan dagiti saludsod.,listen to the story. answer the questions.
isu daytoy ti nagrugian wenno naggapuan ti maysa a situasion.,this is the origin or source of a situation.
isu ti resulta wenno nagbanagan ti maysa a situasion.,this is the result or consequence of a situation.
masapul a maikkan iti solusion.,needs to be given a solution.
ti nakaited ti sungbat wenno nakaresolba ti problema.,what provided the answer or resolved the problem.
"ribrib dagiti ngipen ni perla, ngamin narawet isuna ti sinam-it.",perla's teeth are rotten because she always eats sweets.
"nagadal a nalding ni mona, isunga nangato ti naalana iti eksamin.","mona studied hard, so she got a high score on the exam."
daras isuna nga napan idiay siled pagadaland.,"immediately, he went to their classroom."
napigsa a tudo,heavy rain
narawet ti sinam-it,always eating sweets
nagadal a nalding,studied hard
kinaadu ti tao,large crowd of people
inigganak diay napudot a paryok,i held the hot pot
saanak a nagarmusar,i didn't eat breakfast
nakaawatak ti sagut,i received a gift
nabaddekak iti saka ti aso,i stepped on the foot of the dog
nalipatak a inserra ti kulungan,i forgot to close the cage
natukkol ti lapis,the pencil the broke
awan ti mabulodna,he had no pencil to borrow
nadungparna ti kaklasena,he bumped into his classmate
naudi ti klase,was late for class
nangan ti kendi,ate the candy
nagadu ti ginatangna,she brought too many
ribrib dagiti ngipen,teeth are rotten
nangato ti naala,got a high score
nasinit ti imak,my hand got burned
nakabulos ti manok,the chicken escaped
simmakit ti ngipenna,his tooth ached
nababa ti naala,got a low score
inayabanna ni maestrada,he called his teacher
binulodna ti pantasa,he borrowed the sharpener
dimmawat iti dispensa,asked for forgiveness
inay-ayat ti kaaduan,was loved by many
inlutuan ti lugaw,cooked porridge
pinainom iti agas,gave medicine to drink
tinulungan a nagawit,helped carry
dimmawat ti tulong ti pulis,accepted help from the police
binulodna ti pantasa ti kaklasena,borrowed his classmate's sharpener
dimmawat iti dispensa ken tinulungan a timmakder,apologized and helped him stand up
imbagana nga isuna ti nakabuong,she confessed that she was the one who broke it
inayaban ni nanangna,called his
kinamatna ti kalding,he ran after the goat
ingalot idiay poon,tied it to the tree trunk
tinulungan a mangan,helped to eat
sinabat ken tinulungan a nagawit,met and helped carry
tiempo ti nepnep,cold weather
sultip ti pulos,police whistle
kasla puso a puto,like a heart-shaped rice cake
napigsa diay sultip ti pulis.,the police whistle is loud.
kayatko ti kasla puso a puto.,i like the heart-shaped rice cake.
nalinis ti panio ti padi.,the priest's handkerchief is clean.
tattao,people
isurat ti letra ti umno a sungbat.,write the letter of the correct answer.
ipares ti balikas iti ladawanna babaen ti uged.,match the word to its picture with a line.
panunoten ken adalen,think and study
isurat ti letra ti ladawan a mangrugi ti letra...,write the letter of the picture that starts with the letter...
ipares ti prase iti ladawanna.,match the phrase to its picture.
matmatan dagiti ladawan.,observe the pictures.
ipares ti ladawan iti naganna.,match the picture to its name.
istoriaem ti istoria a nabasa.,retell the story that was read.
idrowing iti parte ti istoria a kaykayatmo.,draw the part of the story that you like.
mangaramid iti video nga agis-istoria.,make a video telling the story.
napateg a pasamak,important events
kangrunaan a kapanunutan,main idea
maysa a bigat ti domingo.,one sunday morning.
nasapa a nagring dagiti agkabsat.,the siblings woke up early.
napan da bisitaen da lolong ken lelang da.,they went to visit their grandfather and grandmother.
idiay balayda idiay igid ti bantay.,at their house at the edge of the mountain.
nagluto ni loleng ti pammigat da a dinengdeng idiay banga.,"loleng cooked their breakfast, a dinengdeng [vegetable stew] in a pot."
nangala ni carding iti sabong ti gumamela nga insagot na kenni lelangna.,carding got a gumamela flower and offered it to his grandmother.
magagaran da unayen a mapan.,they were very eager to go.
ti pagaddian,the school
naanus ken naayat nga maestra.,a patient and kind teacher.
sangapulo a lamisaan para iti sangapulo nga ubbing.,ten tables for ten children.
nakasab-it idiay diding.,hung on the wall.
agayayam ti sango ti pagaddian.,they play in front of the school.
no kasta a madanon ti recess.,when recess arrives.
"iti malem, agbasa ni maestro iti istoria.","in the afternoon, the teacher reads a story."
naragsak dagiti ubbing nga dumdumngeg.,the children are happy listening.
"kalpasan daytoy, oras ti panagawiden.","after this, it's time to go home."
ti kuton,the ant
ti kuton ket babassit nga insekto.,the ant is a small insect.
nu magnada ket ariddog a linya.,"when they walk, it's in a long line."
nu maminsan agkarayamda iti saka ken ima.,sometimes they play on the foot and hand.
saan ko kayat a makasaideg ti kuton kaniak.,i don't want the ant to get near me.
nangato a bantay,tall
napigsa nga ngiwat,strong mouth
ngarab ti banga,the pot is boiling
maysa nga ngilaw,one light
labba ken bigao,basket and winnowing basket
kalbo a bantay,bald mountain
kubbo a baket,hut of the old woman
nabittak a lobo,cracked balloon
kinalbo dagiti agum-uma ti bantay.,the farmers denuded the mountain.
adda bassit a billit iti baki.,there is a small bird on the grandfather.
nabittak ti lobo ti kubbo a baket.,the balloon of the old woman in the hut cracked.
aglaklako ni ben ti labba ken bigao.,ben sells baskets and winnowing baskets.
napunno ti bado iti batia.,the clothes filled the tub.
nangina ti bayad ti bassit a pag-ong.,the price of the small turtle is high.
nabanglo dagiti sabong nga indatonna.,the flowers he offered were fragrant.
nasugat ti tanganko ti buneng a natadem.,my arm was wounded by the sharpened bolo.
nagngalngal ti nana ti bulong ti nganga.,nana chewed the leaf in her mouth.
mayat ti mangan idiay ngato ti bantay.,it's nice to eat on top of the mountain.
singsing a balitok ti maysa a sagutna idi kasangayna.,a gold ring was one of her gifts on her birthday.
personal pronouns,personal pronouns
isu’t nangisuro iti gayyemna.,he is the one who taught his friend.
dakami’t nagmula dayta kayo.,we are the ones who planted that tree.
datayo’t agmula.,we will plant.
dakami’t aglako.,we will sell.
isu’t maestro.,he is the teacher.
sika’t agpabpabasol.,you are the one who is blaming.
isuna’t anakko.,he is my child.
dakayo’t agbasa.,you will read.
isu’t agsursurat.,he is writing.
dakami’t agbasbasa.,we are reading.
dakayo’t aglanglangoy.,you are swimming.
isu’t aglutluto.,he is cooking.
isu’t nangawid dayta bagko.,he is the one who went home with my bag.
dakami’t naglugan diay motorsiklo.,we are the ones who rode the motorcycle.
isu’t mangtultulong nga agbasa iti adingna.,he is the one helping his younger sibling read.
dakami’t nangkibin iti bulsek a binmallasiv vi kalsada.,we are the ones who picked up the scattered trash on the road.
dakayo’t nakitak nga nagwalis tattay.,you are the ones i saw sweeping earlier.
sika’t nadayaw nga ubing.,you are a respectful child.
napan gimmatang,went to buy
lima a rambutan,five rambutans
nabanglo a rosas,fragrant rose
napintas a rupa,beautiful face
atiddog a rangtay,long bridge
baro a relo,new watch
naragsak ni rina,rina is happy
nabanglo a rosas ti kayat ni rona.,rona wants a fragrant rose.
baro a relo ti ginatang ni roy.,roy bought a new watch.
naragsak ti rupa ni rina idi rabii.,rina's face was happy last night.
adda lima a rambutan idlay abay ti atiddog a rangtay.,there are five rambutans beside the long bridge.
basaen ti ababa nga istoria,read the short story
agaramid ti tsart ti istoria,make a story chart
idrama,dramatize
iyebkas ti daniw nga adda aksionna,express
kaduan ti ubing,accompany the child
ivideo,video it
napalalo ti gaget ni kuton.,ant is very hardworking.
napalalo met ti sadot ni dudon.,grasshopper is very lazy.
demteng ti bagyo.,a storm came.
awan ti paglinongan ni dudon.,grasshopper has no place to take shelter.
nakaumungen iti makanna.,has stored
nagtuktok ni dudon.,grasshopper knocked.
siaayat ni kuton a mangpasangbay.,ant is willing to welcome
kulibangbang nga agtayabtayab,butterfly that is flying around
ayan dagiti sabong a mapusaksak,where the flowers are succulent
nangalaam marismo a naraniag?,where did you get a very bright marisco?
ubing a napnoan dayag,child full of honor
inted ni apo a namarsua,given by the lord creator
nagaget a mannalon,hardworking farmer
bumalasang nga anak,young maiden daughter
agsarita ti “diak ammo!”,"says ""i don't know!"""
nagguruod ti napigsa.,there was a loud thunder.
mara-ithog ken duyaw.,egg-like and yellow.
maradaga a maris.,orange color
mata ti langana.,eyes of a spider
impukkawna ti nagan ti anakna.,she called out the name of her child.
naipaktita a nalating ti pasamak.,the event was shown skillfully.
kurang ti panagarte.,lacking in acting.
adda bassit a parte... a saan a naipaktita.,a small part was not shown.
adu a parte... ti saan a naipaktita.,many parts were not shown.
nangipaktita ti apagbilt,showed a very short
umno nga ugali.,appropriate behavior
hawla ti billit,bird cage
nalawa nga hardin,wide garden
ni hanna,of hanna
adu ti handa,there's a lot of food prepared
nalaeng nga ubing ni hanna.,hanna is a skillful child.
adda ili uneg ti hawla ti bassit a billit.,there is a small bird inside the cage.
nalawa ti hardin da haji.,haji's garden is wide.
matutudo ti bulan ti hulio.,the month of july is rainy.
basaen dagiti sumaganad a sarita,read the following sentences
pilien ti umno a sungbat,choose the correct answer
isurat ti sungbat idiay uged,write the answer on the line
bukelan ti letra,encircle the letter
idrowing ti rupa,draw a face
isilpo ti umno a sungbat,match the correct answer
sungbatan ti umno a balikas,answer with the correct word
makompleto ti sarita,complete the sentence
nadadayaw a pamarita,courteous expressions.
agibaga iti bukod a padas,to share one's own experience.
naimbag a bigat.,good morning.
naimbag a malem.,good afternoon.
naimbag a rabii.,good evening.
naimbag nga aldaw.,good day.
kumusta ka?,how are you?
awan aniaman.,you're welcome.
dispensaren nak.,please excuse me.
makikaasiak koma.,i humbly ask for your kindness.
agpakadaak koma.,i will take my leave.
nadangran ti anakko... siakon ti dumawat ti dispensar apo.,my child hurt... i am the one asking for forgiveness.
"ay! adda ni apong maria, komusta kayo?","oh! grandma maria is here, how are you?"
agyamanak dagiti tulong nga impaayyo kadakami.,thank you for the help you gave us.
addaak ditoy sangoyo... makikaasiak koma a tulungannak.,i am here before you... i humbly ask for you to help me.
kayatko nga agpakada koma a nasayaat kadakayo amin.,i would like to bid you all goodbye properly.
gapu ta aldaw ti kasangaymo...,because it is your birthday.
maysa a rabii ket nadanunam nga adda bisita...,one evening you noticed there was a visitor.
kayatmo ti sumurot kadagiti gayyemmo...,you want to go with your friends.
nasabatmo iti bigbigat ti maestram...,you met your teacher in the morning.
nabayagkayo a saan nga nagkinnita...,you haven't seen each other for a long time.
pinadawatan daka ti merienda.,they offered you a snack.
kasangay ti gayyemmo.,it is your friend's birthday.
nakabaddekka ti saka.,you stepped on a foot.
naimbag a malem yo!,good afternoon to you!
naimbag a malemmo met!,good afternoon to you too!
apay dinak nakita a sumungad?,why didn't you see me coming?
aglisikaman dita!,you move out of the way!
ilibrenak ta awan kuartak...,treat me because i have no money...
ania daytoy?,what is this?
labasan kayon.,i'm passing through you.
umuna a tukad,first step.
agbuya sine,to watch a movie.
kadawyan nga aggian ti pusa iti uneg ti balay.,cats usually live inside the house.
naturog ti buaya idlay sirok ti kayo.,the crocodile is sleeping under the tree.
ti surat ket adda idlay rabaw ti lamisaan.,the letter is on top of the table.
simrek dagiti makinisa iti uneg ti simbaan.,the churchgoers entered inside the church.
tiniliw ni oli daydiay manok a timmayab idlay rabaw ti kayo.,oli caught the chicken that flew on top of the tree.
nangala ni pedro ti badona iti uneg iti kabinet.,pedro got his clothes from inside the cabinet.
indisso ni nena tay suratna iti rabaw iti lamisaan.,nena placed her letter on top of the table.
kada mangan kami ni tarsi nga asomi ket aggian idiay ruar iti lamisaan.,"whenever we eat, my spouse tarsi and i sit outside the table."
agin-inana ni tatang idiay sirok iti kayo.,father is resting under the tree.
nadanunak idiay ruar iti paraanganmi dagiti barangay opisial nga agur-uray kenni tatangko.,i noticed the barangay officials waiting for my father outside our yard.
adu ti billit nga agtatayab idlay ruar ti kayo.,there are many birds flying outside the tree.
nakaturog daydiay pusa idiay sirok ti lamisaan.,that cat is sleeping under the table.
dagiti tattao ket adda amin idlay uneg ti gym.,the people are all inside the gym.
nagipan ni noel ti pantalonna iti uneg ti kabinet.,noel placed his pants inside the cabinet.
dagiti ubbing ket addada amin idlay ruar ti paraangan.,the children are all outside in the yard.
nagigalut iti indayan diay sirok ti manga ni tatang.,father is cutting firewood under the mango tree.
adda idiay rabaw ti kabinet diay libro.,the book is on top of the cabinet.
adda amin dagiti nakimisa idiay uneg ti simbaan.,all the mass attendees are inside the church.
napan diay ruar iti kalsada dagiti nakabulas a kalding.,the loose goats went outside to the road.
makitam daydiay naduma-duma a prutas iti uneg ti basket.,you can see the various fruits inside the basket.
isurat iti uged,write on the line
usaren dagiti... tapno makompleto,use the ... to complete
mangisurat ti patang,write a sentence
bukelan ti husto a sungbat,encircle the correct answer
pilien ti tignay a maiyannatop,choose the verb that is appropriate
timbukelan ti letra,encircle the letter
isurat ti numero,write the number
biruken iti uneg ti sabong,find inside the flower
ikarga ti sungbat,place the answer
sarita a tignay,verbs
aramidento pay laeng,will still do
panangibaga ti oras,time signals
idi napalabas a tawen,last year
idi lunes,last monday
idi rabii,last night
inton sumaruno a tawen,next year
nagdalus iti pagmulaanda ti masetas.,friend
nagkali iti abut a pagibellengan.,they dug a pit for the garbage.
nagpasiar idiay plasa.,they strolled at the plaza.
nagtaray nga apan gumatang.,they ran going to buy.
nagpuros ti sabsabong idiay hardin.,they picked the flowers in the garden.
agaw-awir ti badona.,she is hanging her clothes.
agkibkibin ti basura.,he is picking up the trash.
agsaksakay iti bisikleta.,he is riding a bicycle.
agbugbuggo iti danum.,they are splashing in the water.
agpaspasnek ni linda nga inaldaw...,linda exercises everyday...
nagabang dagiti aggayyem...,the friends took a ride...
nagtaray dagiti agkabsat...,the siblings ran...
nagayam da renato kenni tatangna...,renato and his father played...
ikkatenna a dagus ti ulesna...,she immediately removes
pudno a biag,real life
inaldaw a padas,everyday experience
tarusam a nalaing,understand it well
kabaelan nga aramiden,can be done
saan a kabaelan nga aramiden,cannot be done
inaldaw a tumultulong ni mario..,mario helps everyday...
pinunno ni mario ti dakkel a banga...,mario filled the big jar...
nagbagkat pay isuna ti adayo nga kayo...,he also carried the long piece of wood...
...idi sumangpet iti balayda.,...when he arrived at their home.
karpintero... agaramid,carpenter... to make
billit... makatayab,birds... can fly
maladaga... umuli ti kayo,young man... to climb a tree
maestra... agag-agas,teacher... to treat illnesses
tuleng... agdengdenggeg,deaf person... to listen
dakkel a banga,big jar
kasla mailiwan,as if missing me
marisan daytoy iti kahel.,color this orange.
agdrowing ti pangananna.,draw its bell.
manisurat ti nagan.,write the name.
imbukelan daydiay strawberry.,encircle the strawberry.
ikahon diay mansanas.,box the apple.
agwagwag iti ima.,wash the hands.
agkararagak sakbay nga agidda.,i pray before sleeping.
palamiiisen daydiay mantika.,let the oil cool.
papuduten daydiay mantika.,heat up the oil.
agsukatak ti badok.,i change my clothes.
"umuna, mangala ti dua a pidaso ti tinapay.","maudi, sayaaten a balkoten daydiay tinapay."
"kalpasanna, pagkinnaluben diay dua a pidaso ti tinapay.","then, spread on the two slices of bread."
"sumaruno, pulagidan ti peanut butter.","next, spread the peanut butter."
"maudi, sayaaten a balkoten daydiay tinapay.","finally, neatly wrap the bread."
agwagwag iti ima sakbay a mangan.,wash hands before eating.
papuduten daydiay mantika sakbay nga ipisok diay itlog.,heat the oil before putting in the egg.
agsukatak ti badok a para balay.,i change into my home clothes.
bugwan daytoy.,share this.
taraken nga ayup,pet animal
makapasalun-at,healthy
pirma wenno tao a nagsurat,signature or the person who wrote
pangkablaaw,greeting
petsa ken naggapuan ti surat,date and place of origin
lima a parte ti surat,five parts of a letter
surat-aawis,invitation letter
surat a pannakigayyem,friendly letter
surat no kayat mo ti agpakada,excuse letter
surat ti agyaman,thank you letter
naduma-duma a surat,different kinds of letters
pannakipatang,communication
agyamanak ti panangawis mo kaniak...,thank you for inviting me...
kayatko nga ipakaammo a...,i would like to inform you that...
awisenka nga umay ditoy balaymi...,i am inviting you to come to our house...
kayatmi koma nga ipakada daytoy anakmi...,we would like to excuse our child...
sapay kuma ta makaumayka.,i hope you can come.
"toy gayyemmo,",your friend
agyamankami unay maestra.,"thank you very much, teacher"
"toy nagsurat,",the one who wrote
agyamanak ti panangawis mo kaniak iti kasangaymo.,thank you for inviting me to your birthday.
maragsakanak unay a dumar-ay...,i am very happy to attend...
agkimitata ngarud dita balayyo inton sabado.,let's meet at your house on saturday.
awisenka nga umay ditoy balaymi inton kasangay ni adingko...,awisenka nga umay ditoy balaymi inton kasangay ni adingko...
sapay kuma ta umayka.,i hope you come.
nammnamaemmi ti naan-anay a pannakaawatyo.,hoping for your understanding.
sapay kuma ta,i hope that
makaumayka,you can come
saan a makastrek,cannot go to school
naminsan nga aldaw,the other day
naan-anay a pannakaawat,full understanding
kannawan a ngato,upper right
agnanaed dagiti agina a ngilaw ken maysa a tukak...,a mother bird and a frog lived...
...iti asideg ti lubnak.,...near the swamp.
kanayon a bilbilinen ni ngilaw ti anakna...,the bird always reminded her child...
...saannak a matiliw ta napardasak a tumayab,...i won't be caught because i can fly fast
napan ngarud daytoy rabaw ni tukak.,so it went on top of the frog.
"anian a malasna, natiliwna ti anak a ngilaw.","unfortunately, the young bird was caught."
pagarian ti narusnub,kingdom of narusnub
alaen ti gangannaet daydiay prinsesa...,a stranger will take the princess...
...binagsolna ti bagian ket natay.,...she hit herself and died.
...nagbalin a mangga.,...turned into a mango tree.
pusa ken billit,cat and bird
mabisinen ni billit..,the bird was hungry...
husto laeng ti naumong ni pusa..,the cat only gathered enough food for himself.
nagumong ti ado a taraon ni pusa,the cat gathered a lot of food
idiay minuyungan,in the orchard
inawis ti pusa ti aso...,the cat invited the dog...
...mapanda agpasiar idiay plasa.,...to go for a walk at the plaza.
pagammuan a binrmallasivv ti aso...,suddenly the dog slipped...
...naatalan daytoy iti bisikleta,...and was hit by a bicycle.
nasakit nga maipagna ti saka ti aso.,the dog's foot was painful to walk on.
agina a ngilaw,mother bird
kuadrado ti orasan.,the clock is square.
duyaw ti sapatos ni jose.,jose's shoes are yellow.
atiddog ti kayo a natumba.,the tree that fell is tall.
napukaw ti lapisko a nangisit.,i lost my black pencil.
trianggulo ti pizza.,the pizza is triangular.
nagpidot ni juan ti puraw a bato.,juan picked up a white stone.
dakkel a tinapay ti kinnanna.,he ate a big bread.
bassit ti punganko.,my pillow is small.
berde ti bulbulong ti marunggay.,the leaves of the malunggay are green.
marapuso ti pinggan ni ading.,my younger sibling's plate is heart-shaped.
adda nasabat ko a puraw a pusa.,i met a white cat.
atiddog ti ipusna.,its tail is long.
nagtaray ken naglemmeng ti natimbukel a bato.,it ran and hid behind a round stone.
ti rektanggulo a pinggan...,the rectangular plate...
...ken duyaw a pitser...,...and a yellow pitcher...
...idiay rabaw ti ababa a lamisaan.,...on top of the short table.
timbukelan ti husto a...,encircle the correct...
isurat iti linia,write on the line
ugedan ti... ken timbukelan ti...,underline the... and encircle the...
isurat ti kategoria,write the category
pilien ti sungbat iti kahon,choose the answer from the box
balikas-a-pagiladawan,adjectives
nalamiis ti pul-oy ti angin.,the breeze of the wind is cold.
naragsak dagiti ubbing.,the children are happy.
nakersang ti kayo ti salamagi.,the trunk of the tamarind tree is rough.
nabara ti bagi ti ubing.,the child's body is warm.
mabisin ni ella.,ella is hungry.
naliday ni tina.,tina is sad.
napudot ti sopas.,the soup is hot.
nalukneng ti kapas.,the cotton is soft.
nabsog ti a tarakenko.,my pet is full.
napudot ti.,the is hot.
nakersang ti.,the is rough.
naliday ti babae.,the girl is sad.
nalamuyot ti marshmallow.,the marshmallow is soft.
nakersang ti darat.,the sand is rough.
naragsak isuna.,she is happy.
nalamiis dagiti icedrop.,the ice drops are cold.
napudot ti kape.,the coffee is hot.
naraniag ti bulan idi rabii.,the moon was bright last night.
naragsak ni emly.,emly is happy.
nalamuyot ti ules ni merly.,merly's blanket is soft.
mabisin ni romel.,romel is hungry.
naunget ti nga aso.,his pet is angry.
nalamuyot ti.,the pillow is soft.
nabara ti.,the weather is warm.
pul-oy ti angin,breeze
ikkan ti tsek,put a check
timbukelan ti...,encircle the...
idrowing ti...,draw a...
pilien ti...,choose the...
singin-a-balikas,compound words
dagiti ogsobali a balikas,root words
tambalang-salita,compound words
nauilmek ni jose idiay siled-pagbasaan.,jose is quiet in the library.
kudil-sibuyas ti kaay-ayanko.,my friend is thin-skinned
simmangpet ni tatang idi agaw-sipnget.,father arrived at dusk
gunay-pag-ong ni rona.,rona is a slowpoke.
nagsward test dagiti naggapu idiay ballasiw-taaw.,those from overseas took a swab test.
kudil-sibuyas ni adingko.,my sibling is sensitive.
tangken-ulo ti kabsatna.,his sibling is stubborn.
gunay-pag-ong ni lelong isu nga kanayon a maudi.,grandfather is a slowpoke so he's always last.
taray-kabalio ni cardo.,cardo is a fast runner.
adda isuna idiay siled-pagbasaan.,he is in the library.
kuarto a masarakan dagiti liblibro,room where books are found
taray-kabalio ti nangabak nga atleta.,the athlete who won is a fast runner.
singpet-kiteb ti ubing.,the child is shy.
adda ubbing iti siled-pagbasaan.,there is a child in the library.
pinakan ni romy ti bantay-balay.,romy fed the watchdog.
nagay-ayam dagiti ubbing ti karimbaboy.,"the children played ""walking on all fours""."
tangken-ulo ni rico.,rico is stubborn.
nakakulong ti bantay-balay ni david.,david's watchdog is in a cage.
simmangpet idi kalman ni manang naggapu iti ballasiw-taaw.,my sister arrived yesterday from overseas.
pagilian a ruar ti pilipinas,country outside the philippines
agaw-sipnget idi pimmanaw ni nanang.,it was dusk when mother left.
haan ka man a kudil-sibuyas.,you are not sensitive.
mangbukel iti patang,to form a sentence
karim-baboy,walking on all fours
gunay-pag-ong nga agwalis ni alvin.,alvin sweeps like a slowpoke.
nagswab test dagiti naggapu idiay ballasiw-taaw.,those from overseas took a swab test.
dagiti dua nga ubbing ket singpet-kiteb,the two children are shy.
nagdrowing ni jose iti bulan-laud ken bituin.,jose drew the night sky and stars.
agulimekka no addaka iti siled-pagbasaan.,you must be quiet if you are in the library.
agay-ayamda ti pitik-bulag.,they are playing hide and seek.
tagpi ti nagan ti bantay-balay.,the watchdog's name is tagpi.
naragsak nga agay-ayam dagiti ubbing ti pitik-bulag.,the children are happily playing hide and seek.
nabayag a nakadanun ni jose ta isuna ket gunay-pag-ong.,it took a long time to find jose because he is a slowpoke.
minarisan ni lyka ti drowingna a bulan-laud.,lyka colored her drawing of the night sky.
agaw-sipnget idi nakasangpet ni tatang jose a naggapu diay bangkag.,it was dusk when father jose arrived from the farm.
sinabatmi dagiti kabagian a naggapu iti ballasiw-taaw.,we met relatives who came from overseas.
nabuntog ni jose. gunay-pag-ong isuna.,jose is slow. he is a slowpoke.
agay-ayam ti pitik-bulag dagiti dua nga agkabsat.,the two siblings are playing hide and seek.
nagtugaw a dagus dagiti singpet-kiteb nga ubing idi simmangpet ni nanangda.,the shy children immediately sat down when their mother arrived.
nagsangit ti kudil-sibuyas nga ubing.,the sensitive child cried.
haan unay a nalawag ti bulan-laud.,the night sky is not very clear.
napaguntan ti ubing a tangken-ulo.,the stubborn child was persuaded.
tumanao! ti bantay-balay idi rabii.,the watchdog barked last night.
basaem dagiti patang,read the sentences
ikahon dagiti...,box the...
agsurat ti maysa a patang,write one sentence
usaren iti patang,use in a sentence
kudil-sibuyas ni maria.,maria is sensitive.
napan nagtrabaho ni manangko idiay ballasiw-taaw.,my older sister went to work overseas.
dagiti dua nga ubbing ket singpet-kiteb.,the two children are shy.
nataragsit ti kabalio.,the horse is majestic.
dakkel ti kabalio a nakitak.,the horse i saw is big.
nalukmeg ti kabalio ni tatang jose.,tatang jose's horse is stout.
nawara ti basura nga adda iti lata.,the garbage in the can is scattered.
narugit ti basura nga agkawara.,the scattered garbage is dirty.
nabangsit ti basura.,the garbage is smelly.
napintas ti balayda.,their house is beautiful.
nagpasiarak idiay nalawa a bangkag.,i strolled in the spacious farm.
adu ti mulmula ni rodel.,rodel has many plants.
nabaknang ti gayyemko.,my friend is rich.
natulnog nga anak ni ella.,ella is an obedient child.
gimmatang ni arnold ti dakkel a pakwan.,arnold bought a big watermelon.
nagaget ken nadayaw nga ubing ni carol.,carol is a hardworking and respectful child.
pinagpagna ni peter ti atiddog a kalsada.,peter walked the long road.
naisem dagiti santol a sinukatko.,the santol fruits i picked are smiling
adda nagayad a paldak.,there is an orderly row
agpada ti kaipapanan,have the same meaning
adu ti bunga ti bayabas.,the guava has many fruits.
ababa ti nagatangna a tali.,the rope he bought is short.
nakurapay ti panagbiagda.,their life is poor.
nasao ti kaay-ayamko.,my playmate is naughty.
natalna idiay siled-pagbasaan.,it is quiet in the library.
nataragsit ni alden.,alden is handsome.
narasi ti sanga ti marunggay.,the branch of the malunggay is tender.
nabara ti bagi ni jose.,jose's body is warm.
nasipnget iti uneg ti kueba.,it is dark inside the cave.
napigsa ti guruod.,the thunder is loud.
imbelleng ni jose ti naangot a basura.,jose threw away the smelly garbage.
dakkel ti bulkang mayon.,mount mayon is big.
nagna isuna iti nakipet a dalan.,he walked on the tight path.
naraman ti turon.,the banana roll is delicious.
narapis ni lorna.,lorna is thin.
napartak a tumaray ti kabalio.,the horse runs fast.
natayag ti bantay apo.,mount apo is tall.
napudot ti bagi ni lory.,lory's body is hot
nananam ti kinnanko nga spaghetti.,the spaghetti i ate was delicious.
napigsa nga agbagkat ni lito.,lito carries things strongly.
agduma,have different meanings
adu ti bunga ti mangga.,the mango has many fruits.
napudot ti danum.,the water is hot.
baro ti sapatos ni rita.,rita's shoes are new.
nainapis ti libro a basbasaek.,the book i am reading is thin.
nadagsen ti karga ti timba.,the load carried by the pail is heavy.
nangisit ti kawesna.,his clothes are black.
nauneg ti banawang.,the canal is deep.
nalukneng ti tinapay.,the bread is tender.
dakkel ti bunga ti papaya.,the papaya fruit is big.
nabaknang ni mimi.,mimi is rich.
nalawag diay kuarto.,the room is bright.
nasadot nga agluto ni tom.,tom is lazy to cook.
ababaw ti danum idiay karayan.,the water in the river is shallow.
adu ti gayyem nga inawis ni nora,nora invited many friends
ngem bassit ti immay.,but few came
adu ti gayyem nga inawis ni nora... ngem bassit ti immay.,nora invited many friends... but few came.
dagiti sao nga addaan ti dua wenno tallo a silaba,words with two or three similar-sounding syllables.
agtitinnulong,helping each other
usto kadi iti inaramid da arman?,was what arman did right?
siasinno dagiti kangrunaan a tulungan?,who are the primary people to help?
ania ti tarigagay ni arman,what was arman's goal?
"malaksid iti kinalaing a tumulong, ania pay iti abilidad ni arman?","besides skill in helping, what other ability does arman have?"
kayatmo kadi a mangibingay?,do you want to share?
agur-umos dagiti mannursuro ti modules.,the teachers are organizing the modules.
agpukpukan ti kayo ni tata ben.,tata ben is chopping wood.
nagnagna ni helen.,helen walked.
agdigdigos diay karayan.,bathing in the river.
agtartaray nga summurot ti aso.,the dog is running after him.
mangidadalo nga agdalus.,will volunteer to clean.
"makitam nga adda agwalwalis, agpunpunas...","you will see someone sweeping, wiping..."
adda met ub-ubbing nga agur-umos...,there are also children organizing...
adda met dagiti ubbing nga agaw-awit ti lib-libro.,there are also children carrying books.
adda met aggus-gusgos nga ubbing.,there are also children scrubbing.
"kalpasanna, naglinis ken nagpintas ti pagadalanda.","afterwards, their school became clean and beautiful."
naggaget da tatang ken nanang.,father and mother are hardworking.
tallokami nga agkakabsat.,we are three siblings.
napatanor kami nga aginnayat.,we were raised to love each other.
da nanang ken manang ubrada’t mangyumos.,mother and older sister work to tidy up.
da manong ken tatang ti mangtartarakenen.,older brother and father are the ones who take care of the animals
nagan ti tao,name of a person
nagan ti banag,name of a thing
nagan ti ayup,name of an animal
nagan ti lugar,name of a place
nagan ti pasamak,name of an event
naparteak nga agtaray,runs fast
ikkan ti balon,to give a baon
ni mario ket napartak nga agtaray.,mario runs fast.
nalukmeg ti taraken ni anie nga aso.,anie's pet dog is fat.
gummatang ni nanang ti baro nga bado.,mother bought a new dress.
mapan kami agpasiar idiay plasa inton domingo.,we will go for a stroll at the plaza on sunday.
inay-ayat ko ni nanang ta kanayonnak nga ikkan ti balonko.,i love mother because she always gives me my packed food.
agluto ti doktor,the doctor is cooking.
agtartaray ti baboy idiay karayan.,the pig is running by the river.
napan ni kapitan gimmatang ti payong.,the captain went to buy an umbrella.
naragsak ti paskua idiay san nicolas.,christmas was merry in san nicolas.
agdrowingak iti papel.,i am drawing on paper.
dua nga agsaruno a pauni,two consecutive consonant sounds in a single syllable
haan a sigurado,common gender
awan katatauana,neuter gender
agsala ti prinsesa.,the princess dances.
agmulmula ti hardinero.,the gardener is planting.
agsao ti mannursuro.,the teacher is speaking.
agtugawak iti tugaw.,i am sitting on the chair.
nagawid ti manong ken manang.,the older brother and older sister went home.
nangan ti nuang.,the carabao ate.
nagluto ni nanang ti tinapay.,mother cooked the bread.
panangbukel ti baro a balikas,word formation
puan a balikas,root word
agsisilpo a letra,cursive letters
dadakkel a letra,uppercase letters
babassit a letra,lowercase letters
ti kilo a karne,a kilo of meat
ti supot a rambutan,a bag of rambutan
ti reppet a marunggay,a bunch of moringa
ti rineppet a mangga,a bunch of mangoes
ti takal a bagas,a serving of rice
ti bulig a saba,a cluster of bananas
ti grupo nga utong,a group of string beans
ti kaban a bagas,a sack of rice
ti tiniklis a mangga,a bunch of mangoes
ti limon a mani,a limon of peanuts
ti atado a gatas,a pack of milk
ti banda dagiti musikero,the band of musicians
ti kahon a tarong,a box of eggplants
napan nagdigos ni mario idiay waig.,mario went to bathe at the creek.
magmagna ni ana a mapan pagadalan.,ana will walk to school.
agluto ni inangko ti meriendami madamdama.,my mother will cook our snack later.
nagliwliw ti tukak ni amangko.,my grandfather had a celebration for his birthday.
mangmanganak ti nateng ken prutas isunga natibker ti bagik.,i eat vegetables and fruits so my body is strong.
gimmatangak ti maysa a bulig a saba.,i bought one cluster of bananas.
nalaka itatta ti maysa a reppet nga utong.,one bunch of string beans is cheap now.
nangled ni manangko ti dua a kilo a karne.,my older sister bought two kilos of meat.
nangina ti maysa a kaban a bagas.,one sack of rice is expensive.
tiniklis a mangga ti naapit idiay kamanggaanda.,a bunch of mangoes fell from their mango tree.
naikkan ti maysa a atado a gatas ti pamilia reyes.,the reyes family was given one pack of milk.
nangled ni apong ti dua a limon a mani.,grandmother bought two limon of peanuts.
ti banda dagiti sumasala ket makisalisalda.,the group of dancers will join the dance.
sagmannano ti maysa nga kahon ti tarong?,how much is one box of eggplants?
ti grupo dagiti musikero ket nagtukarda.,the group of musicians performed.
agpapada a kaipapanan,similar meanings
agsusupadi a kaipapanan,opposite meanings
paset ti patang,parts of a sentence
panagtungpal ti pagannurotan,following instructions
ti kabsat da a bassit ket nalabid.,their youngest sibling is restless.
dayta a tao ket maysa a nasirib.,that person is wise.
naulimek ti agnaed iti kataltalunan.,it is quiet living in the province.
adu ti nararaman a makan a lako ni manang isabel.,older sister isabel sells many delicious foods.
ti pamilia aquino ket nakurapay ti panagbiagda.,the aquino family has a poor life.
adu a lames ti naala ni tatanako.,many fish were caught by my grandfather.
kanayon a mangmangan ni manongko ti makan.,my older brother always buys food.
isuda ket naragsak nga agay-ay-ayam.,they are happily playing.
nasam-it ti naluom a mangga.,the ripe mango is sweet.
ayaten tayo dagiti nagannaktayo.,we love our parents.
mangidrawing iti kuadrado.,draw a square.
isurat iti nagan mo ti uneg ti timbukel.,write your name inside the circle.
marisan ti duyaw ti sao a mangibaga ti nagan ti bulan.,color the word that names a month yellow.
isurat ti sumaruno a bilang,write the next number
timbukelan ti kinatao mo: lalaki babae,encircle your gender: male female
maysa a klase ti panitikan,a type of literature
addaan ti naumos a pamakasalansan,has an orderly arrangement
agparehas nga aweng,rhyming words
ken maala nga adal,and lesson learned
dua a sao a pagnayunen,two words joined
sarita a mangiladawan,describes
sarita a mangibaga ti garaw,indicates an action
lugar a pakaaktitaan,place of learning
agnanaed diay probinsia ni apongko.,my grandfather lives in the province.
adda nalawa a taltalonna. adu ti dingwen a tarakenna.,he has a wide field. he has many animals he raises.
tumulongak a mangtaripatu kadakuada.,i help take care of them.
"tallo kadagitoy ti magusgustuak: maysa a kalding, nuang, ken kabalio.","i like three of them: one goat, carabao, and horse."
diay kalding... mangmangled ti naimas a gatas.,the goat... gives delicious milk.
diay kabalio... maguyodna diay bassit a kariton.,the horse... pulls the small cart.
ti nuang ti kadadakkelan... maguyodna diay paglugluganak a kariton.,the carabao is the biggest... it pulls my riding cart.
adda maysa a kalapaw idiay nangato a bantay.,there is a hut on the high mountain.
agdalan ka't dan-aw ken kayo a kas rangtay.,you will walk across the lake and a tree like a bridge.
"ditoy kalapaw adda kawitan, ni lolo ambo a kapitan.","here in the hut is the leader, captain lolo ambo."
mangmangted ray-aw kaniana ti inaldaw.,he gives daily advice.
nagsayaat ti lamiis a kumablaaw kadagiti mairana a dumap-aw.,the cool breeze nicely greets the arriving visitors.
"iti kalapaw no inda maturog, mayepyep a dagus sadanto agurok.","when they sleep in the hut, it is instantly peaceful until they snore."
napan ni val ken ni miki idiay igid-baybay.,val and miki went to the seaside.
...a nagpaangin ken nagpasiar iti tingnga-aldaw.,...to get some air and stroll at noon.
...idlay balay-pagdulinan.,...in the storage house.
ti saan a panagsurot ti bilin ket panangipakita ti awanan-dayaw kadakuada.,not following instructions is a show of disrespect towards them.
nasipnget iti rabii no awan ti kuriente.,it is dark at night when there's no electricity.
naimas ti inluto ni nanangko a tinola.,delicious was the tinola my mother cooked.
naturog kami idiay kalapaw ni tatangko.,we slept in my father's hut.
magmagna kami dagiti kabsatko.,"we will walk, my siblings and i."
barbaro ti tsinelas ko.,my slippers are new.
nalangto dagiti mula ni tatangko.,my father's plants are lush.
mangibaga ti napalalo a karirikna,exclamatory
ania ti nagammo?,what is your name?
pakibagam kenni pong ta umay ditoy.,please tell pong to come here.
"yehey, nangabakkami!","yehey, we won!"
napan diay dapon ni nanang.,mother went to the store.
nagsagad dagiti agkabsat diay arubayan.,the siblings played in the yard.
ita nga aldaw iti kasangay ni elisa.,today is elisa's birthday.
naumus dagiti ubbing nga adda diay maikadua a tukad.,the children in the second grade are orderly.
naragsakda nga agpaspasiar idiay minuyungan.,they are happily strolling in the orchard.
nagpasiar diay taltalon,strolled in the field
gimmatang iti maysa a kilo a bagas,bought one kilo of rice
adda sagut a munieka,there is a gift doll
idiay panganan,at the eatery
ni boboy ket adda tarakenna nga aso.,boboy has a pet dog.
ti nuang ket maysa a makatuong unay iti tao.,the carabao is very helpful to people.
ni jomar ket maysa nga nasingpet nga ubing.,jomar is a kind child.
adu nga adal ken sursuro ti maala tayo iti libro.,we can get many lessons and learnings from a book.
naragsak ti panagkasangay ni tina.,tina's birthday was happy.
aray! nagsakit ti ngipenko.,ouch! my tooth hurts.
apay nalabaga dayta pingping mo?,why are your cheeks red?
pangngaasim sibugam dagita mulmula.,please water those plants.
nagaget ni tatang ko.,my father is hardworking.
yehey! kasangay kon inton bigat.,yehey! my birthday is tomorrow.
panagsurat ti parupo,paragraph writing
usaren a pangsukat,replacement
mangibaga iti pagsasaritaan,state the topic
mangibaga iti tulbekan,state the receiver
wenno bagiben,or beneficiary
siak ti gimmatang iti ice cream.,i am the one who bought the ice cream.
isuna ti gimmatang ti merienda.,he is the one who bought the snack.
dakayo ket saan nga agsisigarilio.,you do not smoke.
siak ti nagwalis ti paraangan.,i was the one who swept the yard.
sika ti mangala ti bayabas.,you are the one to get the guava.
isuda ti agay-ayam ti basketbol.,they are the ones playing basketball.
umno ken husto a wagas ti panagsurat,correct and proper way of writing
panangipaliiw,observing
aglutoak ti almusal para kaniana.,i will cook breakfast for him
kinatungtong datayo a mapan ageskwela.,they talked to us about going to school.
dakami ket saan nga agsisigarilio.,they see us not smoking.
ipaw-it ko kenka daytoy regalok.,i will give this gift of mine to you.
dakayo da ana ti nangawis kadakuada.,you and ana were the ones who invited them.
adda kotse ni ana a nalabbaga. kaniana daytoy kotse.,ana has a red car. this car is hers.
napidot ni jose ti lapis ko. masapul nga isubli na kaniak.,jose borrowed my pencil. he needs to return it to me.
daytoy ti balay mi. kaniami daytoy.,this is our house. this is ours.
"adda dua a tiket ti sine ni carlo, kayatna nga ipadawat dagitoy kenni mario a gayyemna tapno maragsakan met isuna ken mapadasna met ti makaserrek iti sinean.","carlo has two movie tickets, he wants to give these to his friend mario so that he will also be happy and he can also experience entering the cinema."
maala nga adal,lesson learned
aktual a istoria,actual story
napigsa a pasamak,intense event
bantay ti nagan ti uken ni juan.,bantay is the name of juan's dog.
puraw ti marisna.,its color is white.
inaldaw-aldaw a pakanen ken painumenna.,he feeds and gives it water every day.
inaldaw-aldaw met a padigusenna.,he also bathes it every day.
pagiddaenna iti ikamen.,he provides a kennel for it to rest in.
naragsakda nga agpaspasiar idiay taltalon.,they happily take walks in the field.
ni argel ket maysa nga agad-adal ti maikadua a tukad.,argel is a second-grade student.
"maysa a bigat, isuna ket nakapayong a magmagna ta agtudtudo.","one morning, he was walking with an umbrella because it was raining."
nalabasan na ti gayyem na nga agur-uray ti isardeng ti tudo.,he passed by his friend who was waiting for the rain to stop.
"gapu ta awan payongna, dinagas ni argel ken pinayungan na metten nga apan idiay pagadalan.","because his friend had no umbrella, argel got wet and also shared his umbrella with him on the way to school."
adda ti kabaelanna a trabaho iti balay.,she has chores at home.
“ado ti masapul nga lippasen ni nanang.”,mother has many things to finish.
ada dagiti bado nga malabaan. naragit ti uneg ken ruar ti balay.,there are clothes to be washed. the inside and outside of the house are dirty.
"inayaban ni pia ni emma ta agay-ayamda, ngem nappanunot ni emma.","pia invited emma to play, but emma was thoughtful."
"simmungbat, imbagana a saanen ta mapan tumulong laengen ken nanangna.",she answered and said she wouldn't go and would just help her mother.
magusgustuan ni pining ti mangan ti kendi ken dadduma a sinam-it.,pining likes to eat candy and other sweets.
maliwayanna ti aggisigis kadagiti ngipenna.,she neglects to brush her teeth.
"gapu iti daytoy, ribrib ti pammarangna ken agsakitsakit pay ti binukbok a ngipenna.","because of this, she has cavities and her decayed tooth also aches."
"“agrubwatka ta mapanta sadiay klinika ti dentista,” kinuna ni nanangna.","get ready so we can go to the dental clinic, said her mother."
“liklikam ti mangan ti adu a sinam-it. aggisigiska met a kanayon...”,avoid eating a lot of sweets. also brush your teeth always...
"“agyamanak unay,” kinuna ni pining.","thank you very much, said pining."
ti maris ti matana ket kasia maris ti danum idiay baybay.,the color of her eyes is like the color of the water in the sea.
nabuntog a magna ni adingko kasia pag-ong.,my younger sibling walks stoutly like a turtle.
diay nuangmi ket dakkel a kasia bantay.,our carabao is big like a mountain.
naparteak nga agtaray ti kabalio kaparteak kas ti motorsiklo.,the horse runs as fast as a motorcycle.
aggergerlap ti badona a baro a kasia diamante.,her new dress sparkles like a diamond.
kalawlawag a kas ti init.,bright like the sun.
natangkan a kasia bato.,hard like a stone.
dakkel a kas ti bantay.,big like a mountain.
atiddog a kasia tali.,long like a rope.
nalammiis a kasia yelo.,cold like ice.
napigsa a kasia biruruko,strong like lightning.
nabuntog a kas ti nuang.,stout like a carabao.
napaspas a kasia utot.,fast like the wind.
bassit a kas ti kuton.,small like a kitten.
panagbasa a kanayon,constant practice
tapno magun-od ti fluency,to achieve fluency
sadino a napasamak,took place
imprito nga manok,fried chicken
"ubingak a bassit, nasiglat, nasaririt.",my small child is energetic and talented.
"nalaingak a kumanta, nalaingak pay nga agsala.","i am good at singing, i am also good at dancing."
"uray pay agbasa, agdrowing ken agsurat.","also to read, draw, and write."
"siak ti tuladem, dika agbabain gayyem.","i am the one to be imitated, don't be shy, friend."
adda bassit a pato. nalamuyot ti dutdotna.,there is a small duck. its feathers are soft.
natirad a sippitna ken nakuttong ti gurongna.,it has a flat beak and a short neck.
adda dakkel a pusak a maris dapo.,i have a big cat colored gray.
lima ti annakna a babassit.,she has five small offspring.
nakakidem pay laeng dagiti matada.,their eyes are still closed.
iti mabilt agmulagatdanto. agtubonto metten ti dutdotda.,soon they will open their eyes. their fur will also grow.
agkakaingasdanto nga agiina.,they will playfully meow.
ti tren tren ket maysa nga ay-ayam.,the train is a toy.
naimas ti arroz caldo a makan.,arroz caldo is a delicious food.
nalabaga ti maris ti rosas.,the color of the rose is red.
awan suli ti nagbukel a sukog.,a round shape has no corners.
paggapuan iti impormasion,sources of information
barito,young man
agkasakit a nakaro,to get severely ill
maalis,to be transmitted
awan pilpillienna,does not choose
pakampanti,to be complacent
bumarangay,barangay resident
barangay hall,barangay hall
alas dos ti malem,2:00 in the afternoon
maprotektaran,to protect oneself
makaalis nga sakit,infectious disease
bugguam dagiti ima,wash your hands
sangka iggem,keep on touching
maig-iggaman,can be hold
abbungan ti ngiwat,cover your mouth
aguyek,to cough
agbahing,to sneeze
natao a lugar,crowded place
naasideg a pannakilangenlangen,close contact
agdian,to stay
agpakonsulta iti doktor,to consult a doctor
makaanges,to breathe
mapagtalkan nga awtoridad,trusted authorities
agsisinnarak,to gather
agchachant,to chant
ni nana maria ket adda isuna diay minuyungan.,nana maria was in the orchard.
nakakita isuna ti dakkel nga uleg a nakapotipot iti puon ti maysa a kayo.,she saw a big snake coiled around the base of a tree.
dagus nga nagtaray isuna gapu iti kigtotna ken butengna.,she immediately ran because of her fright and fear.
ti sakit nga coronavirus 2019 covid-19 ket sakit iti pagangesan.,the coronavirus disease 2019 is a respiratory sickness.
uray asinno ket mabalin a makaptan iti daytoy nga sakit.,anyone can catch this sickness.
dagiti tao nga agsaksakit ket maalisanda iti sabali nga tao.,sick people can transmit it to other people.
awan ti pilpillienna iti daytoy nga virus.,this virus does not discriminate.
saan nga pakampanti ta ditayo ammo no sino iti adda sakitna.,don't be complacent because we don't know who is sick.
amin a bumarangay,all barangay residents
miting maipakaammo ti proyekto panagdaldalus,meeting to announce the cleaning project
calaocan barangay hall,caloocan barangay hall
"sabado, alas dos ti malem, disyembre 19, 2020","saturday, 2 pm, december 19, 2020"
bugguan nga kanayon dagiti imam.,always wash your hands.
"saammo nga sangka iggem iti matam, agong ken bibigmo.","do not touch your eyes, nose, and mouth."
abbungann iti ngiwat mo no aguyekka ken no agbahing.,cover your mouth when you cough and sneeze.
liklikam iti natao nga lugar.,avoid crowded places.
agdian iti uneg ti balay no adda iti sakit mo.,stay inside the house if you are sick.
agpakonsulta nga dagus iti doktor.,consult a doctor immediately.
ti mapa ket maysa a simbolo a mangiladladawan iti maysa nga lugar,a map is a symbol that represents a place
ti mapa ket mangted iti impormasion maipanggep ti lubong,the map gives information about the world
ti komunidad ket grupo ti tattao nga agnanaed iti maysa nga lugar,a community is a group of people living in one place
"aminnan: simbaan, abagatan: pagadalan, laud: balay, daya: tiendaan","north: church, south: school, west: house, east: market"
"babaen ti tulong iti mapa, masarakan mo ti lugar nga papanam","with the help of a map, you can find the place youre going to"
kas ti maladaga no matmaturog ni pito,like an angel when pito sleeps
ti ubing ket kas iti asukar ti kasamitna,the child is like sugar in sweetness
dagiti bituen ket kas iti diamante ti tangatang,the stars are like diamonds in the sky
ti baro ket kasla calculator,the young man is like a calculator
ti ugeng ket kasla kasipnget ti rabii,the fog is like the darkness of night
ti bituen kasla brillante ti langit,the stars are like brilliants in the sky
kasla manga kaalsem ti rupa na,his face is as sour as a mango
ni ona ket napintas kasla diay suot na a blusa,ona is beautiful like the blouse she is wearing
ti ima iti balasang kasla kalamuyot ti pungan,the ladys hand is as soft as a pillow
ti dutdot ket kas ti kapas kalagan,the feather is like cotton in lightness
ti trabahador ket kas ti alimbubuyog nga agtrabaho,the worker is like a bee working
ti trabahador ket kasla iti kuton nga agsapul,the worker is like a kitten searching
ti kapanunotan na ket kas ti init kalawag,his mind is like the sun in brightness
dagiti cookies ket kas ti bato katangkan,the cookies are like stone in hardness
ni tatay ket kasla nuang nga agtrabaho,father works like a carabao
ti isem ni lina ket kasla init a mangted raniag,linas smile is like the sun giving light
ti panaggayyem ni ten ken pen ket kasla kasamit iti honey,the friendship of ten and pen is as sweet as honey
kasla ikan ni manong leon nga aglangoy,brother leon swims like a fish
kasla yelo ti lamiis diay ima ni tina iti buteng,tinas hands were as cold as ice in fear
agtrabaho,to work
aglangoy,to swim
magnitas a balai,magnet house
aso ken pusa,dog and cat
mabanglo a sabong,fragrant flower
balasang ken baro,lady and gentleman
nalinis nga aglawlaw,clean surroundings
alla adda napuuran a balai,oh no there is a burning house
ania ti paboritom a sidaen,what is your favorite dish
ti hardin ko ket panganak a makaregta ken makapasalun-at,my garden makes me relaxed and healthy
agtalinayod,to be connected
mano a bulanen,how many months
mailiwak,i miss
bassi-bassit,little by little
nasursurok,i learned
ubraen,to do
maestra,female teacher
sapay la koma ta,i hope that
mapukawen,will disappear
makastrektayon,we can meet
makaay-ayam,we can play
agtalinaed,to stay
uneg ti balay,inside the house
makaikawa ngem bassi-bassit nasursurok metten nga ubraen dagiti modiul,it's difficult but i'm learning little by little to do the modules
sapay la koma ta mapukawen ti daytoy a pandemia,i hope this pandemic will end
tapno makastrektayon ken makaay-ayam nga agkakadua,so we can meet and play together
makipatang,to converse
napapateg a tiempo,important occasions
naduma-duma a situasion,different situations
agsaludsod,to ask a question
agpakada,to say goodbye
sumungbat,to answer
agibaga iti bukod a padas,to share one's own experience
agyamanak,thank you
naimbag a bigatyo,good morning to you
naimbag a malemyo,good afternoon to you
naimbag a rabiiyo,good evening to you
naimbag nga aldawyo,good day to you
kumusta kayo,how are you
awan aniaman,you're welcome
dispensaren nak,forgive me
makikaasiak koma,i humbly request
agpakadakak koma,i will take my leave
nadangran,got hurt
dumawat,to ask for
sangoyo,to all of you
tulunganidak,help me
pasalsalikan,be careful
sumungad,looked ahead
urayennak,wait for me
illbrenak,treat me
inikkannaka,was given to you
agbassit met,it's too small
intayo,lets go
naimas kadi,is it delicious
aglisikaman dita,get out of the way
nakabaddekka,you tripped
masapulmo,you need
nalagip mo,you remembered
maliiwak,i miss
apanakan,i will go
labasan kayon,i will just pass by you
nadangran ti anakko siakon ti dumawat ti dispensar apo,my child got hurt i am the one asking for your pardon sir
ay adda ni apong maria kumusta kayo,oh apong maria is here how are you
agyamanak dagiti tulong nga impaayyo kadakami,thank you for the help you gave us
addaak ditoy sangoyo makikaasiak koma a tulunganidak,i am here before all of you i humbly ask for your help
kayatko nga agpakada koma a nasayaat kadakayo amin,i want to say goodbye properly to all of you
gapu ta aldaw ti kasangaymo naragsakanka unay nga immarakup kenkuana,because its your birthday you were very happy and hugged her
maysa a rabii ket nadanunam nga adda bisita ania ti ibagam,one night you found out there was a visitor what will you say
kayatmo ti sumurot kadagiti gayyem mo ania aramidem,you want to go with your friends what will you do
nasabatmo ti maestram kayatmo isuna a pagtagariam,you met your teacher you want to greet her
nabayagkayo a saan nga nagkinnita ti gayyemmo ania ti ibagam,you and your friend havent seen each other for a long time what will you say
no sumungbat ket nadayaw isu madi a madil dillaw,if one answers politely he or she is not easily embarrassed
itan ok na ni tatang ken nanang,he or she is the pride of father and mother
no agpasiar sabali a balay maparagsak naka launay,when visiting someone elses house they will be happy with you
ti panagsungbat na a maalumamay aduman ti damag madi ka maumay,his or her gentle way of answering you will never get tired of the news about him or her
no met mapan makipatang awan danag ni tatang ken nanang,and when he or she goes to converse with others father and mother have no worry
ta ammoda a madi madillaw tay anakda a nadayaw,because they know their respectful child is not easily embarrassed
kadawyan nga aggian ti pusa iti uneg ti balay,the cat usually lives inside the house
naturog ti buaya idlay sirok ti kayo,the crocodile is sleeping under the tree
ti surat ket adda idlay rabaw ti lamisaan,the letter is on top of the table
simrek dagiti makinisa iti uneg ti simbaan,the churchgoers entered inside the church
tiniliw ni oli daydiay manok a timmayab idlay rabaw ti kayo,oli caught the chicken that flew on top of the tree
nangala ni pedro ti badona iti uneg iti kabinet,pedro got his clothes from inside the cabinet
indisso ni nena tay suratna iti rabaw iti lamisaan,nena placed her letter on top of the table
aggian idiay sirok iti lamisaan,they live under the table
agin inana ni tatang idiay sirok iti kayo,father is resting under the tree
nadanunak idiay ruar iti paraanganmi,i was caught in the rain outside our porch
ado iti billit nga agtatayab idlay rabaw ti kayo,there are many birds flying above the tree
nakaturog daydiay pusa idiay sirok ti lamisaan,that cat is sleeping under the table
dagit tattao ket adda amin idlay uneg ti gym,the people are all inside the gym
nagipan ni noel ti pantalonna iti uneg ti kabinet,noel placed his pants inside the cabinet
dagiti ubbing ket addada amin idlay ruar ti paraangan,the children are all outside the porch
nadanunak,i was caught in the rain
nagigalot,washed clothes
birbirukek,i am looking for
tartarimaanen,will accept
pumpumuen,will fill
gumatgatang,will buy
aglablaba,will wash clothes
biruken,will look for
agar arado,will plow
kanayon a mangmangan ni tommy ti prutas,tommy always eats fruit
da amie ken susie ket agayay ayam ti jack stone itatta,amie and susie are playing jackstones now
binigat nga umin inom ti gatas ni ramon,ramon drinks milk every morning
inaldaw nga aglaklako iti itlog ni tata ambo,tata ambo sells eggs every day
agsasarita dagiti bumaranggay,the neighbors are talking
nagdalus iti pagmulaanda ti masetas,they cleaned their plant box for the plants
nagkali iti abut a pagibellengan,he dug a pit for the garbage
nagpasiar idiay plasa,they strolled at the plaza
nagtaray nga apan gumatang,he ran to go buy something
nagpuros ti sabsabong idiay hardin,she picked flowers in the garden
gimmatang ni dr naval ti luganda idi napalabas a tawen,dr naval bought their vehicle last year
nagbuya ti telebisyon ni adingko idi rabii,my younger sibling watched tv last night
naglaba ni marieta ti kawesna,marieta washed her clothes
pagibellengan,for garbage
sibugan,to water plants
matutudo,rainy season
tumagari,became noisy
pumigsa,to become strong
sumalun at,to become healthy
maiyaplikar,to be applied
pudno a biag,real life
inaldaw a padas,daily experiences
nagmano,showed respect
aggapgapas,is plowing
agpungpungot,is gathering
agluglugan,is riding a vehicle
isurat,to write
agang angaw,to bark
agaramid,to do
agad adal,to study
ik ikkan,to give
aglaglagto,to jump
sabatennak,you greet me
agkikibin,is picking up
aggapu,coming from
mailiwan,was missed
ipakanna,to feed someone
tarakenna,his animal
agkarayam,to play
agag agas,treats medically
agrikos,to hum
agtugaw,to sit
nakadanonda,they were caught in the rain
agmula mulagat,looking around intently
maadal,to learn
panagdaniw,poetry recitation
magun od,to achieve
panagaramid,the act of doing
panangbukel,the act of encircling
marisan,to color
manisurat,to write
timbukelan,to encircle
ikahon,to box
bukelan,to encircle
mangala,to get
sayaaten a balkoten,to slice into halves
agwagwag,to wash
agunnat,to stretch
agbuggo,to take a bath
agkararag,to pray
agpanunot,to think
maiikan,to heat
palammiisen,to cool down
papuduten,to make it hot
danuman,to add water
agmano,to show respect
agsukat,to change clothes
kupinen,to keep
bugwan,to stir
linayen,to wait for it to cook
sukaten,to remove from heat
rumuar,to go out
ikarga,to load
idulin,to keep
ibati,to leave behind
impisok,put in
luflutuen,to cook by boiling
nagawid,went home
mabisinen,was fed
pagtimplaen,to be prepared
marisan daytoy a pusa iti kahel,color this cat orange
agdrowing ti panganan na idiary abay na,draw its food beside it
timbukelan daydiay strawberry,encircle that strawberry
umuna mangala ti dua a pidaso ti tinapay,first get two slices of bread
sumaruno pulagidan ti peanut butter,next spread the peanut butter
siak ket agwagwag iti ima sakbay a mangan,i wash my hands before eating
no maisaganak ti pungan ken olesko agkararagak sakbay nga agidda,when my blanket and pillow are ready i pray before sleeping
palammiisen daydiay mantika,let the oil cool down
sumaruno agsukatak ti badok a para balay,next i change into my home clothes
no aglutoak ti innapoy maudi a bugwan daytoy,when i cook rice last i stir it
umuna mangala ti baso,first get a glass
isaruno ni lydia nga impisok ti sagpaw a bangus,lydia next added the fried milkfish topping
nagawid ta mabisinen ni loma,loma went home to eat
peanut butter,peanut butter
nabatil nga itlog,beaten egg
badong para balay,home clothes
intuno a bangus,dried milkfish
dinengdeng,ilocano vegetable stew
senior citizens,senior citizens
panagaramid ti surat,letter writing
idanon,to send
parte ti surat,parts of a letter
umusen,to arrange
naimbag nga aldawmo,good day to you
naimbag a bigatmo,good morning to you
toy gayyemmo,your friend
agyamankami unay,we thank you very much
nagannak ni,parent of
ipakaammo,to let you know
awisenka nga umay,i am inviting you to come
sapay kuma ta umayka,i hope you can come
sapay kuma ta makaumayka,i hope you can come
kayatek nga ipakaammo,i want to let you know
kayatek nga agyaman,i want to thank
mabalin a makappanak,i might be able to go
makastrek,to attend class
agsakit ti ulona,her head ache
nagkaro iti uyek ken gurigurigor,cough and colds worsened
inbalakad ti doktor,the doctor's advice
namnamaemmi ti pannakaawatyo,we hope for your understanding
panangisuro,the act of teaching
agyamanak ti panangawismo kaniak,i thank you for your invitation to me
maragsakanak unay a dumar-ay,i am very happy to come
agkimitata ngarud dita balayyo inton sabado,see you then at your house on saturday
awisenka nga umay ditoy balaymi,i am inviting you to come to our house
saan a makastrek daytoy anakmi ta agsakit ti ulona,my child cannot attend class because he has a headache
kayatko nga ipakaammo iti panagyamanko,i want to express my gratitude
naragsak a panagadal,happy learning
napan naglangoy,went swimming
naglabas ti panawen,time passed
nalabbaga diay sabong ti kayanga.,the gumamela flower is red.
tallo ti bolintek ni mario.,mario has three marbles.
adda sangapulo a baka ni manong.,brother has ten cows.
nalawa ti karayan ken naliinaw ti danum.,the river is wide and the water is clear.
nangina dagiti lako nga ay-ayam.,the toys for sale are expensive.
nalinis ti pagadalammi.,our school is clean.
nakaawat ni benjie iti pito a medalia.,benjie received seven medals.
atiddog ti ipos ti aso.,the dog's tail is long.
nabuntog ti pag-ong.,the turtle is slow.
mara-iklog ti lamisaan.,the table is wooden.
naragsak dagiti bisita.,the visitors are happy.
naata ti bunga ti mangga.,the mango fruit is sour.
mala-palasio nga balay.,a palatial house.
nalabbaga a laso.,a red ribbon.
agkapada a balikas,synonyms
agsupadi a balikas,antonyms
diay dakkel a tao nilagtona iti nangato a kayo.,the big person jumped over the tall tree.
ti naanus a baket ket nasayaat ti pannakisao na kadagiti karruba.,the patient old woman has good conversations with her neighbors.
"amin tayo ket madi kayat iti narugit a pagtaengan, mas kaykayat tayo iti nalinis a pagnaedan.","all of us don't like a dirty dwelling, we prefer a clean place to live."
napintas iti langa ni sarah ngem naalas iti aramidna.,sarah's face is beautiful but her actions are bad.
nakipet ti ruangan.,the doorway is narrow.
rumagsak iti rikna no makangeg ti napintas a sonata.,the feeling becomes happy when hearing a beautiful sonata.
nadalus a kinanayon iti uneg pagadalammi.,the condition inside our school is clean.
napigsa ti panagbagbagi ni amangko.,my father's health is strong.
nalawa unay ti inaramid ni manongko a kulungan.,the cage my brother made is very wide.
sumbatan na ti saludsod a kaano,answers the question when
bayabay ti kadaras,adverb of frequency
sumbatan na ti saludsod a mano,answers the question how often
kada-huebes,every thursday
kada-domingo,every sunday
kada-martes,every tuesday
kada bulan ti mayo,every month of may
tengnga ti aldaw,noon
alas-otso ti agsapa,eight o'clock in the morning
bulan ti enero,month of january
saankopay napadas,i have never experienced
kada mangan,every meal time
agbuggo ti ima,to wash hands
agnaspasyar kami kada madanun iti bakasion.,we take a walk every time it's vacation.
mammano kami laeng a rumuar gapu ti epidemia.,we rarely go out because of the epidemic.
mangmangan kami ti pammigat iti oras ti alas-sais.,we will eat breakfast at 6 o'clock.
aldaw ti domingo ti pinaggimongmi.,our meeting is on sunday.
agbasaak madamdama.,i was reading a while ago.
mindemak nga agsibsibog ti mula.,i watered the plants yesterday.
umalis diay bus iti alas-otso ti agsapa.,the bus leaves at 8 in the morning.
agaramidak ti kard para kenni nanang no bigat.,i will make a card for mother tomorrow.
kanayonko a dagasen ni fatima a mapan agbasa.,i always urge fatima to go study.
aldawen a nagri-ing ni lara.,lara wakes up every day.
lungak ti init ti alas 5:45 ti bigat.,i see the sunrise at 5:45 am.
nasapa nga agala ti basura dagiti basurero.,the garbage collectors get the trash early.
madama isuna nga agbuybuya ti telebision.,he is watching television now.
agdigosak nga inaldaw.,i take a shower daily.
agbuggo ti ima na kada mangan.,he washes hands every meal.
agwalis ti paraangan a kinanayon.,he sweeps the yard always.
ti panagturog ko ket alas 9:00 ti rabii.,my sleeping time is 9:00 at night.
agsungsungbatak ti modiul ko tatta.,i am answering my module now.
idiay kuarto,in the room
idiay kosina,in the kitchen
asideg ti ruangan,near the door
idiay sirok ti lamisaan,under the table
iti uneg ti bag,inside the bag
idiay mini chocolate hills,at mini chocolate hills
idiay dalam,on the street
idiay tayug eco park,at tayug eco park
idiay igid ti baybay,beside the sea
idiay banio,in the bathroom
idiay salas,in the living room
idiay balkonahe,on the balcony
idiay likod ti balay,behind the house
idiay plasa,at the plaza
idiay taltalon,in the field
idiay tiendaan,at the market
idiay karayan,at the river
idiay kabinet,in the cabinet
idiay tugaw,on the chair
idiay tokador,on the dresser
idiay ospital,in the hospital
idiay lababo,at the sink
idiay parke,at the park
idiay sirok,underneath
idiay alaminos,in alaminos
idiay balay,at home
idiay botika,at the drugstore
idiay barangay hall,at the barangay hall
idiay panaderia,at the bakery
kadagiti masetera,on the flower pots
idiay bangko,on the bench
iti uneg ti kahon,inside the box
idiay likod ti ruangan,behind the door
idiay plaza,at the plaza
idiay mall,at the mall
idiay bolinao,in bolinao
idiay restoran,at the restaurant
aginnawa iti pinggan,wash dishes
agkukuyog a mangan,eat together
napan idiay parke,went to the park
gumatang ti agas,bought medicine
imbaon a gumatang,was sent to buy
mangala ti kuartana,get his money
nasustansia a makan,nutritious food
nagay-ayam dagiti ubbing idiay taltalon.,the children played in the field.
agin-inana idiay kuarto ni nanangko.,my mother rested in the room.
tinulungak ni lelangko a nagluto idiay kosina.,i helped my grandmother cook in the kitchen.
naglemmeng ti marabutit idiay sirok ti lamisaan.,the kitten hid under the table.
inpasiarannakami ni tatang idiay mini chocolate hills.,father took us sightseeing at mini chocolate hills.
nagpasirakami idiay tayug eco park.,we went sightseeing at tayug eco park.
aglutoak ti dinengdeng idiay kosina.,i cook dinengdeng in the kitchen.
nagdigosak idiay banio.,i took a bath in the bathroom.
aginnawak ti pinggan idiay lababo.,i wash the dishes at the sink.
kanayonak nga agay-ayam idiay parke.,i always play at the park.
gumatang ni nanangko iti masapolmi idiay tiendaan.,my mother buys our needs at the market.
adda ti pusa idiay sirok ti lamisaan.,there is a cat under the table.
maturogak idiay kuarto.,i sleep in the room.
aglutluto ni nanang idiay kosina.,mother cooks in the kitchen.
agkukuyogkami a mangan idiay silid-panganan.,we eat together in the dining room.
mangawat kadagiti sangati idiay salas.,receive guests in the living room.
imbaonnak ni nanang a gumatang ti tinapay idiay panaderia.,mother sent me to buy bread at the bakery.
napardas a nagtaray ti kabayo.,the horse ran quickly.
dios ti mangngina,god will repay
inton madanon,when it reaches
inuudi a kabsat,youngest sibling
naun-uneg ti umuna a patang.,the first line is indented.
"usaren ti dakkel a letra kadagiti nagan ti lugar, petsa, ken nagan ti tao.","use capital letters for names of places, dates, and people."
naganko,my name
kasangaymo,your birthday
kaykayatko,i like
saanko kayat,i don't like
tawenko,my age
aggigianak,i live
petsa ti pannakasangay,date of birth
saan a rumbeng,not proper
sumrek a nasapa,enter early
umusen dagiti libro,use the books
dumngeg ken agulimek,listen and be quiet
saan nga agiwarwara,do not litter
urayen ti batangmo,wait for your turn
mamaestro,male teacher
mamaestra,female teacher
kaabaymo nga ubing,child beside you
isinop dagiti inusar,keep the things used
mailadawan,can be described
maidasig,can be classified
kabaélak,what i can do
agbisbisikleta,ride a bike
masapul a maamuan,must know
"no dumakdakkel ti maysa nga ubing, manaynayunan dagiti banag a kabaelanna nga aramiden.","as a child grows, the things they can do improve"
ibagam dagiti kabaelam nga aramiden babaen dagiti ladawan.,tell your abilities through the pictures
pasurotan dagiti balikas iti nadumaduma a rikna.,trace the words for different feelings
surtian iti ipaaramid ti tunggal numero.,write what each number instructs
"ikkan ti tšek, iti agpada a letra iti uneg ti kahon.",check the same letters inside the box
ikkan ti kahon iti agpada a numero iti kahon.,box the same numbers inside the box
koloran ti husto a rikna ti sumaganad a situasion.,color the correct feeling for each situation
idrowing iti uneg ti kahon iti sumaruno a rikna.,draw the next feeling inside the box
marisan dagiti dua nga agpada a numero iti tunggal ragup.,color the two same numbers in each group
pagalipuen ti husto a rikna ti sumaganad a ladawan.,match the correct feeling to the picture
timbukelan dagiti agpada a letra iti tunggal kahon.,circle the same letters in each box
naragsakak no dumteng ti kasangayko.,i am happy when my birthday comes
naliday ti ubing ta mabisin.,the child is sad because he is hungry
makaungetak no adda makiap-apa kaniak,i get angry when someone annoys me
mabutengak ti palibang,i am afraid of fireworks
dagitoy ti agpada a letra a,these are the same letter a
nadumaduma a rikna,different feelings
"ubbing, dagitoy ti nadumaduma a rikna","children, these are the different feelings"
dagitoy nga bola ket agpada ti sukog,these balls have the same shape
agpada a letra,same letter
agpada a numero,same number
palikmutan iti husto a sungbat,circle the correct answer
ibaga no ania a paset ti bagi iti ipakpakita dagiti ladawan,tell which body part is shown in the pictures
tuladen dagiti garaw nga ipakpakita dagiti ladawan,imitate the actions shown in the pictures
pagsilpuen ti paset ti bagi ken dagiti usarda,match the body part to its use
agbuya,to watch
agdengngeg,to listen
agaprus,to touch
agraman,to taste
napateg dagiti mata. us-usaren a pangkita wenno pangmatmat kadagiti banag iti aglawlaw,the eyes are important. they are used for seeing things around us
us-usaren ti dila a pangraman kadagiti nadumaduma a makan,the tongue is used for tasting different foods
dagiti ima ket us-usaren a pangiggem ken pangrikna,the hands are used for holding and feeling
"adda met ti maaramid dagiti saka: magna, agtaray, lumagto","the feet can do many things: walk, run, jump"
makakita,can see
makaraman,can taste
makaiggem,can hold
makaangot,can smell
makangngeg,can hear
pangkita,can see
pagangot,can smell
pangdengngeg,for hearing
pangraman,for tasting
pangarikap,for touching
pangangros,for holding
pakaus-usaran,make use of
"us-usarentayo dagiti pangrikna tapno makakita, makangngeg, makaraman, makaangot, makaiggem ken makaaprostayo.","we use our senses to see, hear, taste, smell, hold, and touch"
"dagitoy ti lima a pangrikna ti bagitayo: mata, agong, lapayag, dila, ken ima.","these are our five senses: eyes, nose, ears, tongue, and hands"
ti mata ket pangkita. ti agong ket pagangot. ti lapayag ket pangdengngeg. ti dila ket pangraman. ti ima ket pangarikap wenno pangangros.,the eyes are for seeing. the nose is for smelling. the ears are for hearing. the tongue is for tasting. the hands are for touching or grasping
banglo dagiti sabong,fragrance of flowers
kangrunaan a kasapulan,basic needs
panangtaripato ti bagi,body care
aggisigis ti ngipen,brushing teeth
agbuggo ti saka,washing feets
agdiram-os ti rupa,washing face
masapul a maamuan dagiti banag a makatulong tapno makasursuro ti husto ken nasayaat nga aramiden wenno panagtaripato ti bagi.,it is necessary to know the things that help in learning proper and good ways to care for the body
makaited ti sustansia ti makan a kasapulantayo a pagpasalun-at ti bagi.,"food provides nutrition, which we need for body health"
us-usaren ti kawes a pangsalakniib ti bagi.,clothing is used to protect the body
ti balay ket pagtataengan dagiti tao. iso iti mangsalakniib ti init ken tudo.,the house is where people live. it protects from sun and rain
timbukelan ti umno a ladawan,circle the correct picture
idrawing iti bukod mo a bagi iti uneg ti kahon,draw your own body inside the box
mangipegket iti dua a ladawan iti dadduma pay a banag nga usaren a pagdalus,paste two pictures of other items used for cleaning the body
koloran dagiti lugar a kasapulan ti agisuot ti face mask,color the places where wearing a face mask is required
panagdalus ti bagi,body cleaning
nadalus a bagi,clean body
ugasen dagiti ima,washing hands
bugguan dagiti saka,washing feets
pangpunas,for wiping
panglinis,for cleaning
panglapped,for protection
agsuot ti face mask,wear a face mask
romuar ti balay,go outside the house
kurikor,cotton buds
usaren a panglinis kadagiti lapayag,used for cleaning ears
pangputed iti atiddog a kuko,for cutting long nails
"iratta a panawen iti pandemia, kasapulan nga ammotayo nga annadan ti bagitayo","during the pandemic, we must know how to care for our bodies"
maysa a manglapped iti makunkuna a corona virus ket iti panagisuot ti face mask,one way to protect against the coronavirus is by wearing a face mask
"masapul a taripatuen ti bukod a bagi babaen iti panangdalus kadagiti kuko, ima, saka","we must care for our bodies by cleaning nails, hands, feet"
kasapulan pay nga agsuot ti face mask no romuar ti balay,it is also necessary to wear a face mask when leaving the house
kabassitan a paset ti komunidad.,smallest part of the community
panagayat ken panagsisinnakit.,love and care for one another
"ti mangbukbukel ti pamilia ket ti ama, ina, ken dagiti annakda.","the family consists of the father, mother, and their children"
dagitoy ti miembro ti pamiliak a saan nga agnanaed ditoy balaymi.,these are members of my family who do not live in our house
naduma-duma iti kadakkel ti pamilia.,families vary in size
"ania man a klase ti pamilia..., no napunuan ti panagayat ken panagsisinnakit..., daytoy ti kasayaatan a mangbukel ti maysa a pamilia.","whatever type of family..., if filled with love and mutual care..., this is what best forms a family."
isilpo ti ladawan ken ti husto a pangawag iti miembro ti pamilia,match the picture to the correct term for a family member.
marisan dagiti ladawan ti miembro ti pamilia,color the pictures of family members.
ipegket ti ladawan dagiti miembro ti pamiliam.,paste the pictures of your family members.
pagsilpuen ti linia ti rebbengan ti tunggal kameng ti pamilia.,connect the line to the responsibility of each family member.
isurat ti husto a balikas a pangawag iti miembro ti pamilia.,write the correct term for the family member.
idrowing ti pamiliaam. sungbatan ti saludsod iti baba: mano ti miembro ti pamiliaam?,draw your family. answer the question below: how many members are in your family?
haligi ti balay,pillar of the house
silaw ti balay,light of the house
aglinis ti balay,clean the house
"ni tatang ti aw-awagan nga ""haligi ng tahanan"". ni nanang ti aw-awagan nga ""ilaw ng tahanan"".","father is called the ""pillar of the home"". mother is called the ""light of the home""."
ni tatang ken nanang ti agtrabaho para ti pamilia.,father and mother work for the family.
"ni manong ken manang ti tumultulong nga agluto, aglaba, aglinis ti balay, ag-awir kenni ading.","older brother and older sister help cook, do laundry, clean the house, and take care of younger siblings."
ni ading met ti liwliwa iti pamilia.,the younger sibling is the joy of the family.
bilang ti miembro,number of members
kinatao ti annak,gender of children
panangipakitia ti ayat,showing love
dagiti pamilia ket adda ti panagpapada ken panagdidinnumada.,families have similarities and differences
ti pamilia cruz ken pamilia reyes ket agpada nga adda tigtunggal lima a miembro ti pamilia.,the cruz and reyes families both have five members each.
ti pamilia santos ken pamilia torres ket agpada a lalaki ti annakda.,the santos and torres families both have male children.
"ti pamilia marquez ket kristiano, ti pamilia abdula ket muslim.","the marquez family is christian, the abdula family is muslim."
"uray agpapada wenno agdidinnuma ti pamilia, agitinnulong ken agsisinnakit dagiti miembro.","whether families are similar or different, members help and care for each other."
ipakitada iti ayat ken respeto ti tunggal maysa tapno naumosda.,they show love and respect to everyone to maintain harmony.
agtrabaho ni nanang kenni tatang tapno adda mausarda para kadagiti kasapulan ti pamilia.,mother and father work to provide for the family's needs.
dagiti wagas ti panangipakitia ti ayat ken respeto ti pamilia.,ways to show love and respect in the family.
pagparisen ti dakkel a letra ken iti bassit a letra babaen ti uged.,match the uppercase letter to the lowercase letter with a line.
sakaren dagiti letra a mangrugi iti aa inggana zz.,trace the letters from aa to zz.
marisan amin nga paaweng iti nalabbaga. duyaw ti i-kolor dagiti pauni.,color all vowels red. color consonants yellow.
isurat amin a paaweng.,write all the vowels.
agaramid ti linia a mangisilpo kadagiti dua a letra a rumberng nga agkadua.,draw a line-connecting the two letters that are the same.
isurat iti buo a naganmo. timbukelan dagiti pauni a letra idiay naganmo nga usar ti kahel a krayola.,write your full name. circle the consonant letters in your name using an orange crayon.
isurat ti mapukpukaw a letra babaen ti pannakaurnosda.,write the missing letters in order.
letra ti alpabeto,letters of the alphabet
dakkel a letra,uppercase letters
bassit a letra,lowercase letters
ti letra ti alpabeto ket bukbukelen iti 5 nga paaweng ken 23 nga pauni consonants,the alphabet consists of 5 vowels and 23 consonants.
ti pangibalikas iti alpabeto ket malyanatop iti panangiyebkas iti ingles.,the pronunciation of the alphabet is based on english enunciation
adda iti annak iti dagiti dakkel a letra.,the uppercase letters have children.
timbukelan dagiti banag a masarakan iti siled-pagadalan.,circle the objects found in the classroom.
isurat ti husto a bilang iti uneg ti kahon.,write the correct number inside the box.
pagparisen ti paset iti siled-pagadalan ken ti banag a makita ditoy babaen iti uged.,match the part of the classroom to the object found there with a line.
pagparisen ti lugar ken ti banag a makita iti daytoy a paset babaen ti uged.,match the place to the object found in that part with a line.
pagparisen ti ladawan iti umno a nagan na babaen iti uged.,match the picture to its correct name with a line.
pagparisen babaen ti uged dagiti tattao iti baba ti umno a lugar a pakasarakan kadakuada.,match the people below to the correct place where they are found with a line.
bilangen dagiti banag iti tunggal numero. isurat iti bassit a kahon ti husto a sungbat.,count the objects in each number. write the correct answer in the small box.
bilangen dagiti banag iti tunggal ragup. isurat iti kahon ti husto a sungbat.,count the objects in each set. write the correct answer in the box.
suli ti paglaingan,art corner
suli ti pagbasaan,reading corner
suli ti salun-at,health corner
opisina ti prinsipal,principal's office
estasion ti polisia,police station
nabaliwan ti umos,changed arrangement
"mailasin dagiti banbanag a makita iti siled-pagadalan, eskuelaan, ken komunidad.","identify objects found in the classroom, school, and community."
mainaganan dagiti naduma-duma a paset iti siled-pagadalan ken eskuelaan.,name the different parts of the classroom and school.
maibaga dagiti banbanag a masarakan iti naduma-duma a paset.,tell the objects found in different parts.
mailasin dagiti agpada ti bilang nga banbanag uray nabaliwan ti puesto wenno umos na.,identify objects with the same number even if their arrangement is changed.
mabilang ken maisurat ti bilang dagiti banag.,count and write the number of objects.
saan nga agbaliw ti bilang iti banag uray nabaliwan ti umosda.,the number of objects does not change even if their arrangement is changed.
timbukelan dagiti paset a makita ti komunidad,circle the parts seen in the community.
ikkan ti tsek dagiti katulongan ti komunidad.,check the community helpers.
pagparisen ti ladawan ken ti umno a paset ti komunidad.,match the picture to the correct part of the community.
pagparisen dagiti ladawan ti kameng iti komunidad ken dagiti obrada,match the pictures of community members to their jobs
pagsilpuen dagiti husto nga aramiden dagiti sumaganad a kameng iti komunidad.,match the correct actions of the following community members.
mangidrawing iti uneg ti kahon ti maysa a lugar nga makita ti maysa a komunidad.,draw inside the box one place seen in the community.
katulongan panggep talna ken umos,helper for peace and order
katulongan panggep ti salun-at,helper for health
ti komunidad ket maysa a kameng a pagtaengan ti pamilia.,the community is a part where families live.
addaan dagiti naduma-dma a paset nga makita iti maysa a komunidad.,there are different parts seen in a community.
isuda ti kangrunaan a mangted ti kasapulan dagiti ubbing iti uneg ti pagadalan.,they are the main ones who provide the needs of children in school.
isuda met ti mangted ti panagayat ken panangtaraken dagiti ubbing.,they also give love and care to the children.
dagiti dadduma nga agsirsirbi iti komunidad.,others who serve in the community.
nadadayaw a sao,polite words
nadadayaw nga aramid,polite actions
naimbag a bigat,good morning
naimbag nga malem,good afternoon
naimbag a rabii,good evening
awan anyamanna,you're welcome
haanko ingagara,I did not mean to
nasayaat a sarsarita,good manners
masapul a maamwan ti husto a panagdayaw.,one must know the proper way of greeting.
napotleg a maamwanyo ti panangibaga dagiti panagdawat ti dispensar.,it is important to know how to say sorry.
dagiti nadadayaw nga sao ken aramid ket mangipakita ti adal a nasayaat.,polite words and actions show good upbringing.
dagiti kayatko,the things i like
dagiti saanko a kayat,the things i do not like
naragsak a pamilia,happy family
naayat a nagannak,loving parents
nasingpet nga ubbing,kind child
nagaget nga annak,hardworking children
naanus a maestra,patient teacher
naragsak a mamalon,happy vendor
ania ti panawen tatta nga aldaw?,what is the weather today?
napintas ti agpatayab ti ullaw,good for flying kites
nainit ti panawanen no makita ti init idiay tangatang ken nagpudot ti riknam.,the weather is sunny when the sun is visible in the sky and you feel hot.
matutudo no kanayon nga agtudtudo.,it is rainy when it rains continuously.
naulep no ado ti ulep idiay tangatang ken nakaluban ti ulep diay init.,it is cloudy when there are many clouds in the sky and the sun is covered.
naangin nu mariknam ti lammiis ken pug-aw ti angin.,it is windy when you feel the coolness and breeze of the wind.
napintas ti agpatayab ti ullaw no naangin.,it is good to fly kites when it is windy.
agbagbagyo no napigsa ti angin ken tudo.,it is stormy when the wind and rain are strong.
pillen ti kaipapanan ti naugedan a hyperbole.,choose the meaning of the underlined hyperbole.
timbukelan ti letra ti umno a sungbat.,encircle the letter of the correct answer.
ugedan dagiti hyperbole kadagiti patang.,underline the hyperbole in the sentences.
pilien ti kaipapanan dagiti hyperbole.,choose the meaning of the hyperboles.
klase ti pangangarig a pagsasao a nailoaga ti nalabes.,a type of figurative language that uses extreme exaggeration.
pangangarig a pagsasao,figurative language
nalabes a pangiladawan,exaggerated description
maysa a tonelada ti dagsen na.,it weighs a ton.
agumok ti billit ti buok na.,birds could nest in his
intayab ti angin dagiti arapaap ko.,the wind blew my dreams away.
mabanglesan ti katay ti siasinoman.,he could break anyone's bones.
mangsukdal kadagiti bituen.,to pluck the stars.
dumanun ti ballasiw ti taaw.,it can be heard across the sea
sanggabantay ti nilabaan.,a mountain of laundry.
dumanon ti agsinnumbanger a lapayag ti isem na.,his smile could reach both ears.
nabalitokan ti panagsasaona.,his way of talking is golden.
uray la pimmuraw ti buokko nga naguray kenka.,my hair turned white waiting for you.
agkapetka ta napigsa ti anginna no agsao.,you should hold on because the wind from her speaking is strong.
nangngeg ti sangalobungan.,the whole world heard it.
agas-asok ti agong ni tatang ko no makaunget.,my father's nose smokes when he gets angry.
nakasagana dagiti agassawa a mangisalda ti batogda a langit mapagadalda ti maymaysa nga anakda.,the couple is ready to drain the heavens to educate their only child.
kasia itayab ti angin ti balayda maria idiay rabaw ti bantay.,maria's house on top of the mountain is like it was blown by the wind.
nakuliaapan ti panunot ni luis.,luis was extremely surprised.
maysa a tonelada ti bakbaklayek a parikot.,the bundle i am carrying weighs a ton.
agumok ti billit iti buokna.,birds could nest in his hair.
uray la dumanon ti agsinnumbanger a lapayag ti isem na idi nakaawat ti rosas.,his smile could reach both ears when he received the rose.
ti bassit a kayo ti kalamansi ket nalastog a nakatakder.,the small calamansi tree stood very proudly.
rabaw ti bantay,top of the mountain
ti mariknak ket...,what i feel is...
ti kapanunotak maipanggep iti daytoy a damdamag ket...,my thought about this news is...
ti kapadasak maipanggep iti isyu ket...,my experience regarding the issue is...
mamatiak a...,i believe that...
panagkunkunak...,in my opinion...
awanan iti obra,no job
nalabes a panangusar,excessive use
makadadael ti salun-at,can destroy health
marigatan a makaturog,difficulty sleeping
maud-udi a mangan,eats last
masadot a maibaon,hard to command
saan a nasayaat a balikas,not good words
saan a pannakilangen-langen ti sabali a tao,not interacting with other people
agmannaneho iti dyip,jeepney drivers
pannakaisardeng iti obra,stoppage of work
agduduma ti sungbat...,the answer varies...
basar iti bukod a kapanunotan...,based on one's own thought...
basar iti bukod a reaksion...,based on one's own reaction...
basar iti bukod a kapadasan...,based on one's own experience...
urnosen ti jumbled words tapno mabuo dagiti paset ti pagiwarnak.,unscramble the jumbled words to form the parts of the newspaper.
isurat ti paset iti pagiwarnak.,write the part of the newspaper.
pagsilpuen ti batog a ken batog b babaen iti uged.,match column a and column b with a line.
saraken ken timbukelan dagiti paset ti pagiwarnak iti puzzle.,find and encircle the parts of the newspaper in the puzzle.
pilien ti sungbat iti baba. ugedan ti letra ti umno a sungbat.,choose the answer below. encircle the letter of the correct answer.
panid ti damdamag: launen daytoy ti kangrunaan a damdamag nga napasamak iti inaldaw.,news page: this contains the main news that happened today.
panid ti editorial: naglaon ti kapanunotan dagiti mannurat ken editor iti pagiwarnak.,editorial page: it contains the thoughts of the writers and editors of the newspaper.
"panid ti liwliwa: naglaon daytoy ti padamag maipanggep kadagiti makaay-ayo a malbnya, puzzle, ken dadduma pay.","entertainment page: this contains information about entertaining shows, puzzles, and more."
panid ti isports: naglaon ti damdamag maipanggep ti salisal ken dadduma pay nga isports.,sports page: it contains news about games and other sports.
"classified ads: mangted ti impomasion maipapan kadagiti barbaro a produkto, agkasapulan ti obra, ken pakacammo maipapan ti naikedkedengan maaramid.","classified ads: it gives information about new products, job openings, and announcements about important events to be done."
"obituario: naglaon ti nagnagan, ladawan, ken dadduma a padamag maipapan kadagiti natay ken kasta met ti panagyaman dagiti maseknan.","obituary: it contains the names, pictures, and other information about the deceased and also the gratitude of the bereaved."
"business section: naglaon iti impormasyon maipapan ti business, stock exchange.","business section: it contains information about business, stock exchange."
adalen ti grap panggep kadagiti...,read the graph about...
sungbotan dagiti sumaganad a saludsod.,answer the following questions.
isurat ti umno a sungbat.,write the correct answer.
bukelan ti umno a sungbat.,encircle the correct answer.
pilien ken isurat ti letra iti husto a sungbat.,choose and write the letter of the correct answer.
"isurat ti w no ti sungbat mo ket wen, s met no saan.","write w if your answer is yes, and s if it's no."
ikur-it ti nga rupa no umno ti sarita.,draw the face if the statement is correct.
mano ti nalakoda a mansanas idi enero?,how many apples did they sell in january?
sino ti kaadduan iti ay-ayam?,who has the most toys?
ania ti ay-ayam ni may?,what is may's toy?
ti mula ni jimmy ket tallo nga niyog.,jimmy planted three coconut trees.
uppat ti agnanaed a babae idiay pilar.,there are four female residents in pilar.
ania nga obra ti kabassitan iti bilangna?,which job has the smallest number?
mano ti mangayat iti obra a kargador?,how many want the job of a porter?
mano ti bilang ti saba?,what is the count of bananas?
no pagnayonen amin...,if all are added together...
ni jimmy kadi ti kaadduan iti nakalap nga ikan?,is jimmy the one with the most caught fish?
agpada ti nakalapda.,their catch is the same.
lima ti nalugan ti bus.,five people rode the bus.
kitkitaen ti ladawan,look at the picture
"kalpasan na, sungbatan dagiti saludsod.","afterwards, answer the questions."
ania ti ibagbaga ti ladawan,what does the picture
isurat ti kaipapanan dagiti ladawan.,write the meaning of the pictures.
ikonekta dagitoy a ladawan idiay kolum b.,connect these pictures to column b.
bukelan ti husto a letra ti sungbat.,encircle the correct letter of the answer.
isurat ti u no umno ti sungbat mo ken s no saan nga umno.,write u if your answer is correct and s if not correct.
kayat a sawen,what it wants to mean
pakakitaan,where it can be seen
nadalus nga ima,clean hands
panagbuggo ti ima,hand washing
ania ti ibagbaga iti lebel maipanggep iti ladawan?,what does the label say about the picture?
ania ti maipanggep iti ladawan?,what is the picture about?
maiparit iti agsigarilyo.,smoking is prohibited.
obserbaran ti distansia.,observe distance.
"alwadan, napudot a danum!","be careful, hot water!"
ladawan iti husto a panagusar iti face mask.,a picture of the correct use of a face mask.
addaan ti 36 a porsiento dagiti prutas ken nateng idiay food pyramid.,fruits and vegetables have 36 percent in the food pyramid.
makaanges,to be able to breathe
aginnayad,to slow down
ugedan ti porma ti tignay.,encircle the form of the verb.
baseen dagiti sumaganad a patang.,based on the following sentences.
usaren ti husto a tignay.,use the correct verb.
isurat iti sungbat iti linia.,write the answer on the line.
ipakita ti pakainaigan ti panawen ken tignay.,show the relationship between the time and the verb.
pilien ti kaipapanan.,choose the meaning.
isilpo ti husto a tignay kadagiti ladawan.,link the correct verb to the pictures.
bukelan ti letra ti husto a porma.,encircle the letter of the correct form.
mangisurat ti patang.,write a sentence.
nasayaat a tignay,good deed
basaen ti parupo,read the paragraph
kompletuen ti sumaruno,complete the following
adalen ti maysa a tarabay.,study a guide
ania ti masarakan iti...,what can be found in...
isurat ti sungbat.,write the answer.
dua-a-lebel a tarabay,two-level guide
kangrunaan a kapanunotan,main idea
katulungan a kapanunotan,supporting idea
pannaka-skeleton,skeleton structure
panagala ti asin dagiti tao.,the people getting salt.
inbennat ti higante ti gurongna...,the giant stretched his legs...
imnapgad ti danum iti baybay.,the sea water became salty.
kasapulan iti lubong ti danum.,the need for water in the world.
uminom ti danum dagiti tao ken ayup tapno agbiag.,people and animals drink water to live.
ni levi celerio,levi celerio
nalatak a tumutukar a filipino.,a famous filipino composer.
didigra ti covid19,the calamity of covid-19
panangliklik iti covid 19,preventing covid-19
papanan iti tattao ti aldaw iti domingo.,where people go on sunday.
agdadengngeg da't misa,they listen to mass
kangrunaan a moda ti transportasion,main modes of transportation
jeep ti kangrunaan ken kalatakan a moda...,jeep is the primary and most common mode...
isagana a makan,food being prepared
isuda ti mangsala ti nasudi.,they will dance the nasudi.
ti naayat nga ubbing,the kind child
nainayad a simmerok ti pusa idiay tugaw.,the cat jumped carefully onto the chair.
nabuntog a magna ti pag-ong.,the turtle walks slowly.
maragsakan ti ubing iti kinapintas ti naawatna a sagut.,the child was happy because of the beauty of the gift he received.
nangato ti tayab dagiti billit.,the birds fly high.
dayawek ti kinaanus ni apongmo.,i admire the patience of your grandparent.
napigsa a komugtar ti kabalio ni cardo.,cardo's horse kicked strongly.
napardas ti panagbasa ni allan.,allan reads quickly.
nasapa a simrek ni mario idiay eskuelaan.,mario entered the school early.
limmagtoak a daras idi nakaktitrak ti uleg.,i jumped immediately when i stepped on the snake.
naurnos a naimula dagiti nateng ni tatangko.,my father's vegetables were planted orderly.
naulimek ti panagsao ni nana eva.,nana eva speaks quietly.
agdardaras a napan idiay taltalon ta agtudon.,he went to the field hurriedly because it's raining.
dinengngegko a napigsa ti bosses ni tatangko.,i heard my father's voice loudly.
naragsakan a nakakita ni inangko kaniak.,my mother saw me happily.
nainayad a magna ti pusa.,the cat walks slowly.
nasayaat nga agad-adal ni brent.,brent studies well.
nasapa nga agrirling ni manangko.,my sister sings early.
nakaem a kumagat ti tarakemni nga aso.,our dog bites ferociously.
naringgor ti panagdalluyon ti danum idiay baybay.,the water flows roughly in the sea.
inawatko a naragsak ti sagot ni silvia.,i received silvia's gift happily.
nasival a naturog ti ubing.,the child slept soundly.
nasiglat a nagaramid ti pagmulaan ni bimbo.,bimbo made the garden plot energetically.
napardas a limmabas ti motor.,the motorcycle passed by quickly.
nagadal a napasnek ni adingko.,my younger sibling studied diligently.
nainayad a magna ni tatang kulas.,old man kulas walks slowly.
nasiglat a sunungbat ni kiko kadagiti mannursuro.,kiko answers the teachers energetically.
nasam-it nga umisem ni thalia.,thalia smiles sweetly.
napardas a tumaray ti asok.,my dog runs quickly.
nadumanay nga agsao ni lolangko.,my grandmother speaks gently.